"","StationID","sample_id","asci_d","asci_h","asci_s","sampledate","DS_Dur_WS","DS_Mag_50","DS_Mag_90","DS_Tim","FA_Dur","FA_Mag","FA_Tim","Peak_2","Peak_Dur_10","Peak_Dur_2","Peak_Dur_5","Peak_Fre_10","Peak_Fre_2","Peak_Fre_5","Peak_Tim_10","Peak_Tim_2","Peak_Tim_5","SP_Dur","SP_Mag","SP_ROC","SP_Tim","Wet_BFL_Dur","Wet_BFL_Mag_10","Wet_BFL_Mag_50","Wet_Tim"
"1","312PS0099","312PS0099_6.14.10_2",0.975166582399909,1.08103711040174,1.06439152308932,2010-06-14,0,0,0,0,NA,NA,NA,0,0,0,0,0,0,0,0,0,0,0,0,0,0,0,0,0,0
"2","402BA0079","402BA0079_5.28.08_1",0.689047363957553,0.770523763726926,0.801713907632546,2008-05-28,-9,-1.66,-0.03,-5,NA,NA,NA,31.83,0,-56,0,0,-1,0,0,-18,0,-6,13.625,0,0,0,-0.03,-0.085,-6
"3","402BA0095","402BA0095_5.29.08_1",1.06169551795049,1.11374163945743,1.17316012063314,2008-05-29,0,0,0,0,0,0,0,0,0,0,0,0,0,0,0,0,0,0,0,0,0,-1,0,0,0
"4","402BA0143","402BA0143_5.21.08_1",0.734552966539611,0.879819819302056,0.824899064004521,2008-05-21,0.5,-0.055,-0.05,-36,0,-207.79,-42,50.54,0,0,0,0,0,0,0,0,0,-3,32.035,0,0,0,-0.62,-3.93,0
"5","402BA0335","402BA0335_5.27.08_2",0.724642190199785,0.75774485796455,0.595036896530689,2008-05-27,-0.5,0.595,0.575,-5,-5,88.51,0,17.72,0,0,0,0,0,0,0,0,0,-4,-112.47,0,0,0,0.045,0.15,-3
"6","403BA0015","403BA0015_5.19.08_1",0.889281969986212,0.942866663418687,1.10928503919922,2008-05-19,0,0,0,0,NA,NA,NA,0,0,0,0,0,0,0,0,0,0,0,0,0,0,0,0,0,0
"7","403BA0027","403BA0027_6.18.14_1",1.05275417013702,1.04187943123373,0.971780849949224,2014-06-18,0,0,0,-2,NA,NA,NA,0,0,0,0,0,0,0,0,0,0,0,0,0,0,0,0,0,0
"8","403BA0171","403BA0171_5.19.08_1",1.0427573436503,1.14476190432632,0.95845798682817,2008-05-19,0,-0.01,-0.03,-4,2,0.12,0,-0.02,0,0,0,0,0,0,0,0,0,0,-0.51,0,0,0,0.02,-0.02,0
"9","403BA0960","403BA0960_5.21.08_1",1.13143288782835,1.16976761756293,0.934147848852953,2008-05-21,1,0,0.68,0,NA,NA,NA,0.02,0,-175,0,0,0,0,0,0,0,-72,0,0,0,-9,0.89,0.78,26
"10","403S00640","403S00640_6.11.09_2",0.916894461776379,0.94012711921481,0.980360957724127,2009-06-11,-2,-0.03,0,-1,-1,1.89,-8,2.02,-1,-4.5,-3,0,0,0,0,-1,0,-2,-0.04,0,0,0.5,-0.04,0.075,-1
"11","403S00831","403S00831_6.10.10_1",0.985596064340379,1.11602624976895,1.15978585500105,2010-06-10,0,0,0,-9,NA,NA,NA,0.08,0,0,0,0,0,0,0,0,0,0,0,0,0,0,0,0,0
"12","403S00875","403S00875_6.24.10_1",0.972699408741517,1.06023694735084,1.16940389702602,2010-06-24,0,0,0,0,NA,NA,NA,0,0,0,0,0,0,0,0,0,0,0,0,0,0,0,0,0,0
"13","403S01195","403S01195_6.10.09_1",0.927174371171342,1.1119699335972,1.25795588617164,2009-06-10,0,-0.05,-0.06,0,-5,4.06,0,0.98,0,0,0,0,0,0,0,0,0,0,-0.01,0,0,0,-0.03,-0.41,0
"14","403S01536","403S01536_7.12.11_2",1.10011473317038,1.08405446290204,1.12828609105718,2011-07-12,-6,0.01,0.01,-2,NA,NA,NA,0,0,0,0,0,0,0,0,0,0,27,0,-0.03,-29,-29,-1.09,1.5,0
"15","403S01707","403S01707_6.7.10_1",0.883711597101036,0.939851476462991,0.98301834704145,2010-06-07,0,0,0,0,NA,NA,NA,0.57,0,0,0,0,0,0,0,0,0,0,-0.015,0,0,0,0,-0.05,0
"16","403S01728","403S01728_7.13.11_1",0.848948027713861,0.897137544387794,0.731450733312412,2011-07-13,-7,0.01,0.01,-42,NA,NA,NA,1.7,-119,-120,-119,0,0.5,0,9,40,39,-43,1.06,0.05,0,39,0,0.2,-4
"17","403S02363","403S02363_6.16.11_1",1.19412907041368,1.25480758702024,1.2490751369698,2011-06-16,0,-0.01,-0.04,0,0,5.65,0,4.04,0,0,0,0,0,0,0,0,0,0,-0.01,0,0,0,-0.03,-0.14,0
"18","403S03643","403S03643_6.24.10_2",1.10461783146594,1.02427979582436,0.878297626174079,2010-06-24,0,-0.03,-0.03,0,0,5.685,0,3.99,0,0,0,0,0,0,0,0,0,0,-0.01,0,0,0,-0.03,-0.14,0
"19","403S05291","403S05291_6.7.10_1",0.926366890047376,1.03355847273699,0.896657275838423,2010-06-07,0,-0.03,-0.03,0,-5,3.68,0,2.69,0,0,0,0,0,0,0,0,0,0,-0.01,0,0,0,-0.01,-0.03,0
"20","403S06139","403S06139_6.27.12_1",1.2705217220765,1.2170580645285,1.03583322701221,2012-06-27,0,-0.05,-0.06,0,0,4.22,0,2.95,0,0,0,0,0,0,0,0,0,0,-0.01,0,0,0,-0.03,-0.2,0
"21","403S06315","403S06315_6.27.12_1",1.1098912684925,1.14257984335603,1.14871552343803,2012-06-27,0,-0.02,0,-3,NA,NA,NA,0.37,0,0,0,0,0,0,0,0,0,0,-0.46,0,0,0,-0.01,-0.42,0
"22","403S07024","403S07024_6.13.12_1",0.911650582155054,0.838347827189442,0.4613446744604,2012-06-13,-26,0.08,0,-1,0.5,7.475,-4.5,3.9,0,0,0,0,0,0,0,0,0,-1,-0.18,0,0,0,0,-0.365,0
"23","403S07227","403S07227_6.27.12_1",1.22326454728427,1.22394396895761,1.1769828378202,2012-06-27,0,-0.01,-0.04,0,0,5.095,0,3.57,0,0,0,0,0,0,0,0,0,0,-0.01,0,0,0,-0.01,-0.2,0
"24","403S16332","403S16332_6.26.13_1",0.900357628478336,1.09714986091447,1.07103245544975,2013-06-26,-1,0.27,0.25,0,0,12.69,-61,22.53,0,0,0,0,0,0,0,0,0,0,-0.35,0,0,0,0.005,-0.67,0
"25","403WE0501","403WE0501_5.14.13_1",1.08350479793835,1.17634679177102,0.922154404331619,2013-05-14,0,0,0,0,NA,NA,NA,0,0,0,0,0,0,0,0,0,0,0,0,0,0,0,0,0,0
"26","403WE1027","403WE1027_5.30.13_1",0.949240322935725,0.57586184403499,0.602318480541301,2013-05-30,-6,0.01,0.01,-2,0,0.22,0,0,-87,0,0,0,0,0,18.5,0,0,-2,0,-0.03,0,0,0.01,1.5,-8
"27","404BA0084","404BA0084_6.4.08_1",0.894430220334456,0.910670617170756,0.858301523677898,2008-06-04,-63,0,0.36,-53,NA,NA,NA,0.04,0,-16.5,0,0,0,0,0,13.75,0,-2,0.2,-0.8,0,-2,-0.23,-0.7,-33
"28","404BA0526","404BA0526_6.4.08_1",1.00579479228659,1.04468995990061,0.707305912933943,2008-06-04,-29,0,0.09,-53,NA,NA,NA,0.06,0,-24,0,0,0,0,0,12,0,-59,0.06,-0.76,0,-25,-0.23,-0.7,-33
"29","404BA0616","404BA0616_6.3.08_1",0.69653247493888,0.788440494174891,0.816725865606574,2008-06-03,-6,0.01,0.01,-2,NA,NA,NA,0,-87,0,0,0,0,0,21,0,0,27,0,-0.03,-29,-29,-1.09,1.5,-1
"30","404BA0852","404BA0852_6.3.08_1",0.761569763684936,0.833320320014322,0.605611221115573,2008-06-03,-90,0,-0.35,-53,NA,NA,NA,0.43,0,-27,0,0,0,0,0,11.5,0,-3,0.23,-0.8,-2,-7,-0.23,-1.66,-33
"31","404BA0964","404BA0964_6.4.08_1",0.965127302179213,1.06493047262694,0.847402982014425,2008-06-04,-1,0,-0.32,-53,NA,NA,NA,0.22,0,-24.5,0,0,0,0,0,11.5,0,-60,0.09,-0.79,0,-3,0.18,-0.7,-5
"32","404BA1144","404BA1144_6.10.08_1",1.06996531999773,1.09242031839243,1.18947105132827,2008-06-10,-7,0,-0.27,-53,NA,NA,NA,0.73,0,-28,0,0,0,0,0,14.5,0,-57,0.41,-0.8,-2,-4,-0.23,-0.7,-31
"33","404S00808","404S00808_6.22.10_1",0.90333629863453,0.965257217461825,0.620228179067677,2010-06-22,-25,0,0.07,-50,NA,NA,NA,59.2,-2,-27.5,-47,0,0,0,0,7.5,21.5,-82,18.84,-0.28,21,29,0.32,0.2,-63
"34","404S01128","404S01128_6.23.10_1",0.665264356721915,0.732064996005289,0.442909287639437,2010-06-23,-95,0,-0.31,-52,NA,NA,NA,31.66,0,-30.5,-6,0,0,0,0,13.25,0.5,-80,2.29,-0.77,-2,33,0.18,0.2,-54
"35","404S02920","404S02920_5.12.09_1",0.860388787203921,0.905740471948883,0.641953365640911,2009-05-12,-28,0,-0.32,-3,NA,NA,NA,3.75,-1,-29,-31,-1,0,0,0,17.5,11,-16,-1.92,-0.47,25.5,39,-0.15,-0.69,-21
"36","404S03048","404S03048_5.13.09_1",0.791814325412526,0.819301320060456,0.62647568716385,2009-05-13,-27,0,0.05,-1,NA,NA,NA,1.89,-1,-28,-35,0,0,0,0,20.25,11,-57,-2.23,-0.64,-1,-7,-0.23,0.2,-31
"37","404S06456","404S06456_5.14.09_1",0.8654817047501,0.972012410455509,0.722222273320072,2009-05-14,-16,0,0.12,-53,NA,NA,NA,8.77,0,-26.5,0,0,0.5,0,0,25.25,0,-74,0.38,-0.35,-2,32,0.43,-0.7,-34
"38","404S08040","404S08040_5.12.09_1",0.378193568732447,0.46978865757702,0.633473639486505,2009-05-12,-17,0,-0.34,-26,NA,NA,NA,34.87,-1,-58,-50,0,1.5,-1,0,9.75,20.5,-19,-8.79,-0.25,21,27,0.18,-0.44,-17.5
"39","404S08616","404S08616_5.13.09_2",0.728900243172541,0.928908258664161,0.961892928644424,2009-05-13,37.5,0.06,-0.76,-93,NA,NA,NA,53.29,-1,-30,-31,-1,0,-1,0,-24.75,-3,-55,15.14,-0.02,-45,3,0,0.785,9.5
"40","404S08846","404S08846_6.22.10_1",0.791209312582331,0.864276485808981,0.934853446960991,2010-06-22,-22,0,0.13,-8,NA,NA,NA,9.18,0,-32,0,0,0,0,0,38.25,0,-60,-20.38,-0.28,-2,31,-0.15,-0.14,-38
"41","404S11880","404S11880_6.7.11_2",0.558419327312541,0.599550680801368,0.566194496022197,2011-06-07,-32,0,0.33,-14,NA,NA,NA,32.39,0,-33,-1,0,0.5,-1,0,25.5,15.5,-60,5.12,-0.025,-2,39,0.27,-0.7,-14
"42","404S13416","404S13416_6.8.11_1",0.755722191430936,0.777567223204178,0.456935382483366,2011-06-08,-99,0,0.37,-72,NA,NA,NA,33.78,0,-30,-22.5,0,0,-1,0,13.25,5.75,-26,2.42,-0.59,9,23,-0.23,-0.08,-6
"43","404S14952","404S14952_6.15.11_1",0.907533027792182,0.90779658134555,0.551329615929087,2011-06-15,-6,0,0.19,-66,NA,NA,NA,16.55,0,-32,0,0,0,0,-1,21.25,0,-21,0.27,-0.41,-8,1,0.18,-0.68,-12
"44","404S16516","404S16516_5.18.09_1",0.723756051560621,0.699242278017576,0.510376034751525,2009-05-18,-16,0.03,0.45,-33,7,15.275,-19.5,73.59,-7.5,-52,-37.5,-0.5,0,0,-18.75,7.25,19.25,-31,18.35,0,32,57,0.01,4.09,-26
"45","404S17266","404S17266_5.19.09_1",0.812442361073054,0.922358835952698,0.57916871746471,2009-05-19,-90,0,-0.35,-43,NA,NA,NA,31.73,0,-30.5,-9,0,0,0,0,13.25,0,-21,1.51,-0.63,-2,33,0.18,0.2,-46
"46","404S17664","404S17664_5.20.09_1",0.60262426008726,0.779371463857734,0.664757048166839,2009-05-20,-74,0,0.14,-64,NA,NA,NA,14.51,0,-31,0,0,0,0,-1,17.75,0,-74,0.58,-0.57,-2,1,0.18,-0.69,-13
"47","404S22464","404S22464_5.19.09_1",0.728459564003424,0.802282705719157,0.428299911755944,2009-05-19,-13,0,0.22,-71,NA,NA,NA,28.4,0,-31,-1,0,0,0,0,20,0,-9,-5.98,-0.45,-1,31,-0.15,-0.68,-54
"48","404S25668","404S25668_6.23.10_2",0.666605418320789,0.710781474655861,0.485573049009596,2010-06-23,-92,0,0.25,-71,NA,NA,NA,28.57,0,-32,-1,0,0,-1,0,9.25,0,-18,0.64,-0.46,-1,33,-0.19,-0.69,-10
"49","404S26868","404S26868_6.26.12_1",0.623241028610738,0.626479071713201,0.435511825484986,2012-06-26,-11,0,0.31,-67,NA,NA,NA,34.04,0,-34,-1,0,0,0,-21,1.25,0,-76,1.47,-0.74,0,26,0.09,-0.65,-15
"50","404S28068","404S28068_6.20.12_1",0.68052901182696,0.790725608578392,0.611753585112204,2012-06-20,-9,0,0.22,-61,NA,NA,NA,16.75,0,-32,0,0,0,0,-1,21.25,0,-19,0.27,-0.4,-8,2,0.18,-0.68,-13
"51","404S28270","404S28270_6.18.12_1",0.909275646063046,0.919253926098909,0.677229038063257,2012-06-18,-27,0.015,0.12,-4,7,14.05,-19,60.17,-7,-64,-36,-0.5,2,0,-18.75,-6.5,19.75,-34.5,2.955,0,35.5,71.5,0,0.23,-17
"52","404S32468","404S32468_6.26.12_1",0.824569013858224,1.00344850727098,1.06366310474313,2012-06-26,-99,0,-2.07,-72,NA,NA,NA,183.33,0,-44,-1,0,0,0,-1,20.5,0,-22,36.26,-0.42,21,46,-2.97,-0.7,-29
"53","404S34120","404S34120_6.21.12_1",0.91444657063538,0.945784941402551,0.634524717901821,2012-06-21,5,0,-0.01,-7.5,NA,NA,NA,11.59,-4,-222,-35.5,0,0,-2,-7.5,8,11.5,-50,2.29,0,39.5,61.5,0,0.285,-13
"54","404S35270","404S35270_6.20.12_1",0.78285890239181,0.793112103556046,0.506704787265367,2012-06-20,-12,0,0.21,0,NA,NA,NA,26.17,0,-31,-1,0,0,0,-22.5,10.5,0,-77,0.52,-0.34,-1,31,-0.15,-0.7,-15
"55","404S45622","404S45622_6.3.13_2",0.816917679855192,0.968709280349644,0.979262883433023,2013-06-03,-20,0,0.13,-53,NA,NA,NA,8.88,0,-26.5,0,0,0.5,0,0,25.25,0,-56,0.36,-0.34,-1,32,0.09,0.02,-33
"56","408BA0916","408BA0916_5.8.08_1",0.770021836074193,0.772189951234987,0.535579585448933,2008-05-08,162,-0.28,-0.23,-123.5,NA,NA,NA,179.77,-208,-364,-220,3,0,4,18,114,-6,-57.5,222.58,0,162,-52.5,-0.34,1.92,-21
"57","408PS0032","408PS0032_5.21.08_1",0.419302847861815,0.469949185159724,0.583866482811161,2008-05-21,172,-0.57,-0.32,-123,NA,NA,NA,485.1,-214,-363,-222,1,0.5,3,22,121.75,15,-80,312.44,0,154,-42.5,9.485,13.96,24.5
"58","481S05856","481S05856_6.13.13_1",0.804507885181787,1.04926920037699,1.15734007906343,2013-06-13,NA,NA,NA,0,NA,NA,NA,0,-16,0,-91,0,0,1,0,0,0,0,-0.05,0,0,1,0.76,-0.06,-1
"59","722ABSPPC","722ABSPPC_5.20.13_1",0.890949895223727,0.857020479413794,0.579967348964026,2013-05-20,NA,NA,NA,0,NA,NA,NA,0.19,-1,-144,0,0,0,0,0,0,0,0,0,0,0,0,0,0,-1
"60","722PS0535","722PS0535_5.26.09_1",0.951357349311396,0.989988934185609,0.825914404057918,2009-05-26,0,0,0,0,NA,NA,NA,0,0,0,0,0,0,0,0,0,0,NA,0,NA,0,NA,NA,NA,0
"61","722PS0611","722PS0611_6.8.10_1",0.450768430182018,0.690212458619473,0.854552491362171,2010-06-08,0,-0.01,-0.01,0,NA,NA,NA,2.18,0,-143,0,0,0,0,0,0,0,0,-0.03,0,0,0,0.165,-0.765,0
"62","801LYC271","801LYC271_6.10.14_1",0.897522274616378,1.04881054720422,1.21288412895938,2014-06-10,-9,-0.005,-0.005,0,NA,NA,NA,0,0,0,0,0,0,0,0,0,-1,0,-0.06,0,0,-4,0,0,-18
"63","801MIC042","801MIC042_6.9.14_1",0.710587361976341,0.846662089836739,0.740473693706066,2014-06-09,166,-0.705,-0.49,-93,NA,NA,NA,477.63,-16.5,-302,-190.5,-0.5,1,0.5,-48.75,70.5,-3.5,-116,85.24,0,116,-15,-1.23,-1.28,-118
"64","801RB8361","801RB8361_6.12.14_1",0.667389557209886,0.817369804327727,0.746120892579704,2014-06-12,NA,NA,NA,88,NA,NA,NA,1123.55,-1,-258,-260,-1,5,5,6,43,43,NA,NA,NA,NA,NA,NA,NA,-16
"65","801S08727","801S08727_6.5.13_2",0.834397960767642,0.968438939765748,1.09974678045373,2013-06-05,2,0.1,0.1,12,NA,NA,NA,0,-109,0,-244,1,0,0,-22,0,73,12,0,-0.02,0,-2,0,0,2
"66","801SJR159","801SJR159_6.3.14_1",1.04936628944922,1.17184552830656,1.02118359875864,2014-06-03,-31,0,0,-4,NA,NA,NA,5.46,0,-119,0,0,0,0,0,0,0,-7,2.48,0,0,-24,0.39,-0.05,-10
"67","801WE0674","801WE0674_5.14.13_1",1.02767430606031,0.885508675971105,0.626162624086675,2013-05-14,-1,0,0,-7,NA,NA,NA,0,0,0,0,0,0,0,0,0,0,-4,0,0,0,0,0,0,0
"68","801WE1008","801WE1008_5.14.13_1",1.01526088467598,1.11987485988591,1.09444237868725,2013-05-14,2,0.1,0.1,12,NA,NA,NA,0,-27,0,-301,-1,0,0,30.5,0,100,12,0,-0.02,0,-2,0,0,2
"69","801WE1132","801WE1132_8.19.09_1",1.09484914980728,1.10077242441257,0.888838741220058,2009-08-19,5,0,0,-47,NA,NA,NA,0.05,-30,0,-30,0,0,0,-15.5,0,7,-47,0,0,0,0,0,0,0
"70","802SJR116","802SJR116_6.12.14_1",0.989490070284821,0.917928793613263,0.832027961533864,2014-06-12,125,2.4,5.9,-19.5,NA,NA,NA,370.64,0,-249,0,0,0,0,0,129,0,-38,219.63,0,0,5,-0.23,-5.44,-5
"71","901DCCSMC","901DCCSMC_5.16.11_1",0.935558362052106,0.924628025517457,0.697766155585151,2011-05-16,5,0.05,0.21,-30,NA,NA,NA,2.61,0,-229,0,0,0,0,0,0,0,0,-0.01,0,0,-1,0.13,-0.04,0
"72","901S00313","901S00313_4.30.09_1",0.910131610347115,0.979255008396468,1.08725280375548,2009-04-30,-7,0.01,0.01,-2,0,0.225,0,0,-0.5,0,-83,1.5,0,0,-7.5,0,7,26,0,-0.03,-29,-29,-1.09,-1.3,-8
"73","901S00997","901S00997_5.14.09_1",0.708077852893586,0.775781172127523,0.545078460501286,2009-05-14,-47.5,0.005,0.05,-34,NA,NA,NA,31.73,3,-119,-48,2,0,-2,21,-78,0,-59,2.78,0,73,105,0,-0.02,-35
"74","901S01705","901S01705_5.14.09_1",0.821430245630919,1.10642951136297,1.41677039677614,2009-05-14,0,0,0,0,NA,NA,NA,0,0,0,0,0,0,0,0,0,0,0,0,0,0,0,0,0,0
"75","901S01811","901S01811_5.7.09_1",0.608287087937881,0.795105666411142,0.408484099305205,2009-05-07,-28,0,0.22,-38,2,9.92,-47,128.07,-4,-202.5,-60,-1,-1,0.5,-68,46,2,-32,31.51,0,34,63,0,0.52,-20
"76","901S01849","901S01849_6.1.10_1",1.01083599329542,1.21500568145949,1.41461055895652,2010-06-01,-6,0.01,0.01,-2,NA,NA,NA,0,0,0,0,0,0,0,0,0,0,27,0,-0.03,-29,-29,-1.09,1.5,0
"77","901S04409","901S04409_5.19.11_1",0.546689118852535,0.627421459825934,0.573406757763688,2011-05-19,-15,0.01,0.01,-2,0,0.2,-0.5,0,1,0,-81,1,0,0,-10.75,0,7,27,0,-0.03,-29,-28,-1.09,-1.3,-8
"78","901S06851","901S06851_5.19.11_1",0.523741639068289,0.641971579643983,0.547376031169947,2011-05-19,-69,0,-0.06,11.5,NA,NA,NA,101.95,-4,-43,-45,2,0,0,-76,-30,-53,-33,16.065,0,39.5,98.5,0,-0.74,-25.5
"79","901S06969","901S06969_5.31.12_1",1.07336929582948,1.10829437721911,1.04291366594459,2012-05-31,-6,0.01,0.01,-2,NA,NA,NA,0,0,0,0,0,0,0,0,0,0,27,0,-0.03,-29,-29,-1.09,1.5,-1
"80","902S01097","902S01097_5.11.09_1",0.806492534680651,0.839934740473913,0.414603968249555,2009-05-11,-9,0.005,-0.005,-6,NA,NA,NA,3.7,0,-1,0,0,0,0,0,0,0,-72,2.855,0,0,-2,-0.13,-0.3,-15
"81","903WE0798","903WE0798_4.8.15_1",1.13974650786106,1.18059298563207,1.31036749450687,2015-04-08,0,0,0,0,NA,NA,NA,-0.01,0,0,0,0,0,0,0,0,0,0,0,0,0,0,0,0,0
"82","903WE0900","903WE0900_4.8.15_1",0.957280533052948,0.978486847929198,1.04283553741487,2015-04-08,0,0,0,0,0,-0.11,0,-0.01,0,0,0,0,0,0,0,0,0,0,0.015,0,0,0,0,0,0
"83","905S02561","905S02561_5.25.11_1",0.665988853043533,0.762521085900233,0.602767990313072,2011-05-25,-29,0.01,0.01,-2,0,0.16,0,0,0,0,0,0,0,0,0,0,0,-2,0,-0.03,0,0,0.01,1.5,-8
"84","905WE0679","905WE0679_3.27.15_1",0.923201715349723,1.07059918323263,1.00968142001624,2015-03-27,-22,0.01,0.01,-2,-1,0.22,-3,0,0,0,-8,0,0,1,0,0,-9.5,-2,0,-0.03,0,0,-1.09,1.5,-8
"85","907S00577","907S00577_5.12.09_1",0.945141494236008,1.09885447565923,1.1518419582674,2009-05-12,-49,0,-0.34,-1,NA,NA,NA,0,0,0,0,0,0,0,0,0,0,-1,0,0,-1,0,-0.57,-3.3,-42
"86","907S01418","907S01418_5.12.09_1",0.941838241428326,1.15772882942102,1.29521681140734,2009-05-12,0,0,0,0,NA,NA,NA,0.58,0,0,0.5,0,0,0.5,0,0,-14.75,0,0,0,0,-48,0,0,0
"87","907S01434","907S01434_5.13.09_1",1.16470321566303,1.24526238895606,1.07230899862654,2009-05-13,-4,0.01,0.01,-2,0,0.22,0,0,-88,0,-88,0,0,0,21,0,21.5,-2,0,-0.03,0,0,0.01,1.5,0
"88","907S01610","907S01610_5.31.10_1",1.03883362202479,1.03899087174857,1.0699474126732,2010-05-31,0,-0.01,-0.02,0,NA,NA,NA,0.86,0,-2,0,0,0,0,0,-223,0,0,-0.02,0,0,0,-0.09,-0.01,0
"89","907S03210","907S03210_5.18.11_2",0.990053082865461,0.986072525647093,1.07588319551353,2011-05-18,NA,NA,NA,NA,NA,NA,NA,0,-361,0,0,1,0,0,162,0,0,NA,0,NA,0,NA,NA,NA,NA
"90","907S03786","907S03786_5.30.12_1",0.806386640920411,0.846880511222289,0.602157819007501,2012-05-30,-7,0.01,0.01,-2,-1,0.21,0,0,-88,0,-88,0,0,0,21,0,21.5,-2,0,-0.03,0,0,0.01,1.5,-8
"91","911S00538","911S00538_5.5.09_1",1.03949151993503,1.24424017216398,1.34086019193802,2009-05-05,0,-0.19,-0.03,-5,0,10.615,-2,5.62,-17,0,-17,0,0,0,-16,0,0,-0.5,0.65,0,-1,-0.5,-0.085,0.15,-1
"92","911S00858","911S00858_5.31.10_1",0.867913167267727,0.930729660412466,1.12102289326532,2010-05-31,NA,NA,NA,0,NA,NA,NA,0,-363,0,0,1,0,0,162,0,0,0,0,0,0,-7,0,0,7
"93","911S01142","911S01142_5.24.11_1",0.915244492227677,0.948031296028741,1.00519187935581,2011-05-24,-1.5,-0.065,-0.03,-41,NA,NA,NA,13.29,0,-185,-12,0,0,0,0,55,0,-38,0.475,0,-3,-0.5,-0.05,-0.335,-12
"94","911S01818","911S01818_5.6.09_2",0.998936837925768,0.831208123571377,0.654082632190679,2009-05-06,-23,-0.02,0,-15,NA,NA,NA,0,0,0,0,0,0,0,0,0,0,-24,0,0,0,0,-0.62,0,-25
"95","911S02058","911S02058_5.5.09_1",0.985196805876456,0.973727161927362,0.870598298200153,2009-05-05,-1,-0.06,-0.02,-2,NA,NA,NA,8.65,-1,-18,-11,0,0,0,0,0,-0.5,-2,0.27,0,-1,-3,-0.05,0.02,-0.5
"96","911S03354","911S03354_5.5.09_1",1.05742860660452,1.05458835526178,0.865523013684002,2009-05-05,NA,NA,NA,0,NA,NA,NA,0,-364,0,-362,0,0,1,144,0,149,0,0,0,0,6,0,0.44,-6
"97","911S04086","911S04086_5.6.09_2",0.770399987562743,0.749181738857226,0.580405196603311,2009-05-06,-15,-0.04,-0.22,-1,NA,NA,NA,4.56,-1,-254,-6,0,0,0,0,-1,0,0,-1.24,0,-1,0.5,-0.045,-0.125,-4
"98","SGUT503","SGUT503_5.8.09_1",0.955590343744728,1.04285464109601,0.701451639445116,2009-05-08,-0.5,-0.005,-0.005,0,NA,NA,NA,0,0.5,0,0,0,0,0,-0.5,0,0,0,-0.015,0,0,0,-0.01,0.16,-1
"99","SMC00105","SMC00105_5.22.14_1",1.10033020058725,1.13686432769899,0.963350793615104,2014-05-22,NA,NA,NA,-9,NA,NA,NA,0,0,0,-30,0,0,1,0,0,-5.5,-9,0.04,0,0,-11,0,0.03,0
"100","SMC00135","SMC00135_6.7.10_1",0.776865487882761,0.68608197793259,0.521766560963995,2010-06-07,3,0,0,-14,NA,NA,NA,0,0,0,0,0,0,0,0,0,0,-3,0,0,0,0,0,0,0
"101","SMC00198","SMC00198_7.9.14_2",0.80305034384295,0.872475891499767,0.857832746657152,2014-07-09,-10,-0.86,-1.27,-15,1,21.8,-9,160.43,-1,-355,-5,0,1,-1,-1,125.5,-9.25,0.5,77.27,0,47,48.5,-0.49,-0.765,-27
"102","SMC00282","SMC00282_6.9.09_2",1.11358106167646,1.06809968252717,0.886074299260627,2009-06-09,-0.5,0,-0.005,0,NA,NA,NA,0.38,-0.5,-47,0,0,0,0,0,0,0,-1,-0.01,0,0,1,0,-0.345,-1
"103","SMC00288","SMC00288_6.4.14_1",0.924545976254754,0.889209305944563,0.711512399052963,2014-06-04,-25.5,0,-0.005,-37,NA,NA,NA,3.28,0,-23,-4,0,1.5,-1,0,-0.75,0,-39,-0.31,0,42,47.5,0,0.025,-4.5
"104","SMC00318","SMC00318_6.15.10_1",0.640245475494223,0.766677909681255,0.786127686788842,2010-06-15,-10.5,-12.17,-18.355,-32.5,NA,NA,NA,4837.7,-1,-25,0,0,0,0,0,-7,0,-12,1547.37,-0.03,33,41,-8.28,-11.45,-16
"105","SMC00382","SMC00382_6.23.09_1",0.594899258685758,0.622218238285595,0.434921842417634,2009-06-23,6,0,0.005,-28.5,NA,NA,NA,8.96,-91,-28,-33,7,-1,-1,47,7,-20.5,-63.5,2.135,0,37,52,0,0.03,-7
"106","SMC00428","SMC00428_7.22.10_1",0.631516226525879,0.68440099745525,0.776750119126872,2010-07-22,-7,0,0.01,1,-4,-0.97,-44,0.92,0,-120,-111,0,0,0,0,46,49,-4,0.55,0,-13,-14,0,0.2,-4
"107","SMC00436","SMC00436_5.26.09_1",0.757761593543978,0.752679186290404,0.443563292331909,2009-05-26,-19.5,-6.675,-3.945,-1.5,0,-13.51,-26,2257.62,-1,-28,0,0,0,0,0,11,0,15,947.45,-0.04,29,18,-4.77,-15.97,-9
"108","SMC00464","SMC00464_6.4.14_1",1.04623057680288,0.912267384504134,0.619570424122703,2014-06-04,-1,0,0,-2,NA,NA,NA,-0.01,0,0,0,0,0,0,0,0,0,-0.5,-0.02,0,0,0,0,0,0
"109","SMC00476","SMC00476_6.8.09_1",0.923668318533922,0.976766376762853,0.946826317942179,2009-06-08,-1,0,0.87,0,NA,NA,NA,0,0,0,0,0,0,0,0,0,0,-11,0,0,0,-27,0,0,0
"110","SMC00479","SMC00479_7.13.11_2",0.579925878194675,0.621832067042874,0.753000923195106,2011-07-13,29,0,0.03,-32.5,-4,14.25,-6,13.36,0,-28.5,-10.5,0,0,-1.5,-0.5,-0.5,-12.25,-34.5,9.135,0,-10,15,0,-0.08,-6.5
"111","SMC00480","SMC00480_5.13.09_2",0.910308274213841,0.997113028554266,0.73175742551554,2009-05-13,0,0,0,0,NA,NA,NA,0,0,0,1,0,0,1,0,0,-15,0,0,0,0,0,0,0.02,0
"112","SMC00520","SMC00520_6.25.14_1",1.05552605503263,1.05976269010974,0.791859562103344,2014-06-25,-5,-0.13,-0.51,-1,0,4.98,-1,3.57,0,-5,0,0,0,0,0,0,0,0,-0.08,0,0,0,-0.01,-0.14,-1
"113","SMC00544","SMC00544_6.22.11_1",0.847945331199099,0.815964616326668,0.77416909925456,2011-06-22,-2,0,0,0,-9,-0.07,0,0.02,0,-0.5,0,0,0,0,0,0,0,0,0,0,0,-1,0,0,-2
"114","SMC00608","SMC00608_6.27.11_1",0.838394233369554,0.84990363806511,0.880839724291856,2011-06-27,-66,-0.01,-0.54,-9.5,-2.5,55.31,-0.5,75.17,-16,-1,0,0,-1,0,-4.25,0,0,-21,15.545,0,-16,10.5,0.015,-0.64,-2.5
"115","SMC00632","SMC00632_6.13.11_2",0.68990199649865,0.741559187974634,0.652667007945185,2011-06-13,1.5,0,-0.2,-12.5,7.5,0.135,-20.5,7.58,0,-4,0,0,0,0,0,0,0,-28,1.695,0,14.5,20.5,0,-0.01,-17
"116","SMC00684","SMC00684_6.27.11_1",0.861830584197613,0.893748771148643,0.697107184439872,2011-06-27,-20,0,-0.99,-21,-5,35.62,-29,96.33,-70,-13.5,-43,5,0,0,26.5,6.25,1,-63,14.8,0,42,63.5,-0.045,-0.84,-13.5
"117","SMC00710","SMC00710_5.20.09_1",0.764970908538783,0.828955134661709,0.568546276289704,2009-05-20,-118.5,-0.005,-0.37,24,1,104.69,-7,89.25,-24,-360.5,-40,2,2,0,-21.5,124.5,-1,-38.5,87.5,0,75,114,0,-0.035,-33
"118","SMC00748","SMC00748_6.21.11_1",0.703823885914651,0.731813030449814,0.635862032279733,2011-06-21,-60,0.05,-0.58,-15,-8,81.22,-26,323.34,-21,-30,-1,1,-1,0,-4,-46,0,-45,25.82,0,31,-5,-1.03,0.45,-11
"119","SMC00827","SMC00827_6.15.09_1",0.899930991908805,0.995707112560849,0.902166294752218,2009-06-15,0,-0.01,-0.04,0,0,4.925,0,3.47,0,0,0,0,0,0,0,0,0,0,-0.01,0,0,0,-0.01,-0.2,0
"120","SMC00873","SMC00873_6.10.14_1",0.988493896618137,1.05257509229275,0.623268078978219,2014-06-10,-16,0,0.09,-6,2,8.24,-47,47.54,-0.5,-77,-1.5,0,0,-0.5,0,17,0,-37,11.68,0,35,70,0,-0.93,-92
"121","SMC00899","SMC00899_7.12.11_1",0.67965147925043,0.72837597439637,0.73834912761585,2011-07-12,120.5,-0.225,-0.215,-65.5,NA,NA,NA,75.26,-121,-359,-206,0,1.5,0.5,-64,90.5,-33,-83,19.97,0,85,92,-0.24,-0.26,15
"122","SMC00911","SMC00911_6.4.09_1",1.05505210065765,1.08454751324586,0.833060513733309,2009-06-04,0,0,0,0,0,0.51,0,0.46,0,0,0,0,0,0,0,0,0,0,-0.05,0,0,0,0,-0.02,0
"123","SMC00924","SMC00924_6.9.09_1",0.898362348375382,0.929619749453269,0.612046150194917,2009-06-09,-8,0,0.01,-2,-3.5,0.305,0,2.14,0,-117.5,-112,0,0,0,0,10.5,23.5,-17,0.36,-0.04,17,17,0.12,0.06,-4
"124","SMC00958","SMC00958_7.19.11_1",0.67146245702737,0.814076459023214,0.913325977078916,2011-07-19,-31,0,0.07,-24,NA,NA,NA,80.14,0,-35,-11,0,0,-0.5,0,-0.5,-10.75,-51.5,29.34,0,38,60,0,-0.985,-31.5
"125","SMC01040","SMC01040_6.9.09_1",1.05658205783142,1.08249781678543,0.909971070479402,2009-06-09,0,-0.01,-0.02,0,-0.5,-0.215,-1,-0.06,-0.5,0,0,0,0,0,0,0,0,-1,-0.14,0,0,0,-0.03,-0.04,0
"126","SMC01046","SMC01046_5.21.09_1",0.868931699586731,0.959164076870717,1.10098517949189,2009-05-21,-33,-0.99,0.42,-5,-1,0.59,-34,84.07,-7,-57,-24,-1,0.5,0,0,-6.25,0,-8.5,14.01,0,8.5,18.5,2.325,0.785,-20
"127","SMC01096","SMC01096_6.7.10_2",0.779883823711368,0.76314901599103,0.547363277806015,2010-06-07,-1,-0.04,0,-1,0,5.75,-1,3.54,0,-4,0,0,0,0,0,0,0,-1,-0.07,0,0,0,-0.12,-0.05,-1
"128","SMC01155","SMC01155_5.12.09_1",0.760249926569419,0.799937416250231,0.854904924801747,2009-05-12,-1,0,0.02,-1,0,0.01,-1,-0.01,0,0,0,0,0,0,0,0,0,-1,-0.04,0,0,0,0,-0.105,-1
"129","SMC01161","SMC01161_5.27.10_1",0.705541104910127,0.803758547762029,0.516806244333783,2010-05-27,-0.5,0.01,-0.005,-64,NA,NA,NA,2.86,0,0,0,0,0,0,0,0,0,-47,4.01,0,0,-1,0,-0.01,-15
"130","SMC01196","SMC01196_7.14.10_1",0.743664472121911,0.756204344121424,0.513868273513703,2010-07-14,NA,NA,NA,-1,NA,NA,NA,0,-1,0,0,0,0,0,0,0,0,-0.5,-0.03,0,0,-3,0,0.05,3
"131","SMC01208","SMC01208_6.8.10_1",0.757187793130469,0.727193860956016,0.509239003616033,2010-06-08,-4.5,0.195,2.005,-18.5,4,78.4,-37.5,846.09,0,-28,0,0,0,0,0,0,0,-109,133.48,0,42,65,-1.18,0.02,-18
"132","SMC01215","SMC01215_7.13.11_1",0.648072048019417,0.629770843389088,0.544717511870062,2011-07-13,0.5,3.87,5.465,-4,1,622.155,0,462.83,0,0,0,0,0,0,0,0,0,-4,238.48,0,0,0,0.18,-9.9,-1
"133","SMC01248","SMC01248_7.26.11_1",0.87304277413387,0.880072894445038,0.860201465878339,2011-07-26,0,0,0,0,NA,NA,NA,0.75,0,-3.5,0,0,0,0,0,0,0,0,0,0,0,0,0,0.24,0
"134","SMC01257","SMC01257_6.16.11_1",0.724407967785592,0.652887400254996,0.805260510359584,2011-06-16,-7,0,0.06,-13.5,-5,8.4,-47,47.07,-1,-66,-0.5,-1,0,-0.5,0,16,0,-63,15.9,0,45.5,59,0,-3.02,-91
"135","SMC01260","SMC01260_7.16.12_1",0.803720075740531,0.846139379129629,0.868814371472167,2012-07-16,0,-3.43,-4.41,-142,0,-96.74,-27,879.39,-0.5,-1,0,0,-1,0,0,-0.25,0,-1.5,352.28,-0.01,10,16.5,-2.34,-6.27,-5
"136","SMC01320","SMC01320_6.7.10_1",0.842953536202074,0.804590251501764,0.484230975498317,2010-06-07,-2,-0.07,-0.035,0,1,2.72,0,0.28,-0.5,0,-4,0,0,0,-0.25,0,0,-1,-0.81,0,0,0,-0.09,-0.06,0
"137","SMC01358","SMC01358_6.21.11_1",0.756087299020959,0.827357678056549,1.06083440057051,2011-06-21,-52,0,-0.01,-27,NA,NA,NA,15.32,0,-30,-16,0,1,-2.5,0,6.5,-24.75,-91.5,3.08,0,44.5,82.5,0,0.02,-37
"138","SMC01413","SMC01413_7.9.12_2",1.01457745871278,1.07514190212594,1.05699433138617,2012-07-09,NA,NA,NA,0,0,0,0,0,0,0,0,0,0,0,0,0,0,0,0,0,0,0,0,0,0
"139","SMC01424","SMC01424_7.1.09_1",0.940304153969935,0.995531793524775,0.756900216060499,2009-07-01,0,-0.015,-0.015,0,NA,NA,NA,-0.01,0,0,0,0,0,0,0,0,0,0,-0.01,0,0,0,-0.01,-0.01,0
"140","SMC01452","SMC01452_7.15.10_1",0.656018127298068,0.675582922745924,0.665154352253006,2010-07-15,NA,NA,NA,-19,NA,NA,NA,7.74,-56.5,-43,-65,4.5,0,3.5,7,11,2.5,-54.5,1.31,0,37.5,41,-0.08,-0.18,-10
"141","SMC01454","SMC01454_7.16.12_2",0.954503383622548,0.967313380808069,1.01103216548417,2012-07-16,-7.5,0,-0.035,-9.5,-9,9.5,-28,56.71,-0.5,-29.5,0,-0.5,0,0,0.5,0,0,-56.5,9.315,0,41,52.5,0,-0.08,-10.5
"142","SMC01504","SMC01504_6.28.11_2",0.882911077552599,1.04083631100267,1.20301652218848,2011-06-28,0,0,0,0,NA,NA,NA,0,0,0,0,0,0,0,0,0,0,0,0,0,0,0,0,0,0
"143","SMC01544","SMC01544_7.14.10_1",0.696025260701394,0.871399923651783,0.893886294564104,2010-07-14,-2,-0.07,-0.11,0,1,2.75,0,0.29,-1.5,-2,-1.5,0,0,-0.5,0,0,-57.5,0,-0.81,0,0,0,-0.09,-0.09,-1
"144","SMC01567","SMC01567_6.9.10_1",0.848542095548107,0.91159848177224,1.20834231112785,2010-06-09,0,0,0,0,NA,NA,NA,0,0,0,0,0,0,0,0,0,0,0,0,0,0,0,0,0,0
"145","SMC01606","SMC01606_5.26.09_1",0.692436292962612,0.761005330850016,0.48872445515565,2009-05-26,163.5,-0.03,0.115,-168.5,1,50.51,-8,27.34,-18,-361,-75,1,0,0.5,1.25,129,36.25,-8.5,34.885,0,133,77.5,-0.98,-0.65,-27
"146","SMC01656","SMC01656_6.6.12_1",0.568295736100572,0.687713213832937,0.73000449865214,2012-06-06,3.5,0,0.08,-20,-3.5,0.775,-33,21.56,0,-21,0,0,0,0,0,0,0,-90,3.16,0,-4,12,0,0.125,-8.5
"147","SMC01662","SMC01662_7.9.12_1",0.634672646958127,0.674876816983828,0.763940795737118,2012-07-09,-33.5,-0.01,-0.025,-29,-19,5.08,-30,139.59,0,-30.5,0,0,0.5,0,0,0.5,-19.5,-74.5,33.875,0,35.5,59,0,-1.855,-90
"148","SMC01692","SMC01692_6.20.11_1",0.605148784783245,0.736055319887879,0.444912595906056,2011-06-20,NA,NA,NA,0,NA,NA,NA,0,0.5,0,-340,0,0,4.5,0,0,154.25,0,0,0,0,4,0,0,-4
"149","SMC01694","SMC01694_6.28.10_1",0.907200707532355,0.986257560324414,0.924698040035038,2010-06-28,-19,0,-0.32,-66,NA,NA,NA,53.59,0,-39,-47,0,1.5,1,0,16.75,16,-12,1.39,0.015,-3,20,0.18,-0.7,-44
"150","SMC01726","SMC01726_6.30.10_1",0.599513909498792,0.732077181468783,1.11441507980678,2010-06-30,-4,-1.38,-8.45,-185,NA,NA,NA,667.48,0,-11,0,0,-1,0,-1,-0.5,0,-0.5,197.96,-0.025,33,28,-1.095,-2.185,-12
"151","SMC01748","SMC01748_6.3.09_1",0.753659463691815,0.724776194973547,0.601898622481856,2009-06-03,2,0.33,3.2,-7.5,-1.5,80.21,-38,268.21,-7.5,-80,-14,0.5,0,0,2,-43.5,7.5,-34.5,111.29,0,19.5,34,0.03,28.04,-13
"152","SMC01772","SMC01772_7.11.12_1",0.595695147775313,0.649218387038254,0.686483836121705,2012-07-11,13,0,-0.05,-15.5,1,1.71,-13,5.43,-26,-42,-42,0,0,0,-0.25,-0.25,1,-47.5,0.9,0,33.5,42,0,0.03,-52
"153","SMC01808","SMC01808_6.13.11_1",1.1746419880645,1.01880059130648,0.647716669274579,2011-06-13,0,0,0,0,NA,NA,NA,0,0,0,0,0,0,0,0,0,0,-1,0,0,0,0,0,0.005,0
"154","SMC01860","SMC01860_5.28.09_1",0.677544074620638,0.730735642467281,0.594440552372777,2009-05-28,149,-0.2,-0.23,-123.5,NA,NA,NA,252.53,-207,-362.5,-212,3,0,4,18,128.5,-6,-51,243.75,0,162,-54,-0.355,1.645,20
"155","SMC01912","SMC01912_7.12.12_1",0.784830414552132,0.805606650105876,0.908451931929792,2012-07-12,62,0,0.01,-37,NA,NA,NA,5.21,0,-13,0,0,0.5,0,0,-1.75,-59,-81,-0.12,0,53,43,0,-0.07,15
"156","SMC01934","SMC01934_6.15.12_1",0.81703279700362,0.874872751592612,0.999379949840657,2012-06-15,-13,1.315,23.435,-12,NA,NA,NA,240.68,-22,-192.5,-25,0,5,-1,0,2.5,0,-50,-95.25,0,43,81,20.79,54.46,-3
"157","SMC01960","SMC01960_6.23.10_1",0.641554353016455,0.632717706278211,0.409912878459186,2010-06-23,-86,0,0.64,-26,NA,NA,NA,115.98,0,-46,-6,0,2.5,0,0,15.75,-1,-45,15.26,0,30,-2,0,-2.72,-19
"158","SMC01987","SMC01987_6.15.12_2",0.762332273928096,0.868679973985033,0.874845606941362,2012-06-15,-61.5,0.005,-0.275,15,1,2.41,-28,94.75,-10,-175.5,-67,1,1,1,-10.75,46,-35,-13,8.99,0,35,115,0,0.12,-41
"159","SMC01990","SMC01990_7.8.14_1",0.8187730422623,0.9336125858724,1.14823739634355,2014-07-08,73,-1.48,-0.705,18.5,0,25.35,-8,30.11,-10.5,-359,-7,0,0,0,12.5,98,-0.25,-5.5,36.035,-0.005,46,75,-0.315,-0.39,-28
"160","SMC02028","SMC02028_7.12.12_1",0.703261418697267,0.792407722797559,0.765447720739515,2012-07-12,-26,0.225,0.585,-8,0,-0.54,-59,59.63,-17.5,-9,-35,1,0,0,5.25,-31.5,0,-12.5,30.55,0,14,26,-1.85,-0.405,-22
"161","SMC02075","SMC02075_7.17.12_1",0.978185518493584,1.17190311080409,1.11396551952871,2012-07-17,0,0,0,-2,NA,NA,NA,0.1,0,-31,0,0,0,0,0,0,0,0,0,0,0,0,0.005,0,0
"162","SMC02088","SMC02088_6.14.11_1",0.787469784900835,0.773748523725753,0.914060964332321,2011-06-14,10,0,0,-44,1,9.39,3,7.8,0,-120,-119,0,0,-1,0,33.25,42,-12,4.71,-0.04,-15,-51,0,0.2,-3
"163","SMC02092","SMC02092_6.14.11_1",0.82472705381548,0.971728626184443,0.840538979006728,2011-06-14,NA,NA,NA,0,NA,NA,NA,0,0,0,0.5,0,0,0,0,0,-0.5,-1,-0.005,0,0,0,0,0,-1
"164","SMC02139","SMC02139_7.17.12_1",0.944361873429535,1.04935947101364,1.03498736456118,2012-07-17,0,0,0,-2,NA,NA,NA,0.03,0,-17,0,0,0,0,0,0,0,0,0,0,0,0,0,0,0
"165","SMC02206","SMC02206_7.19.11_1",0.53875491814753,0.631401906811726,0.621035986290917,2011-07-19,-20.5,0,-0.07,-9,-9,16.59,-28,28.12,-19,-43,-70.5,0,-1,1,-1,-37.5,20.75,-35.5,10.275,0,34.5,52,-0.02,-0.995,-18.5
"166","SMC02228","SMC02228_6.23.09_1",0.642747423073889,0.772655471780608,0.601530220850514,2009-06-23,-4.5,-8.71,-13.895,11.5,0,-2294.04,-9,4471.13,-1,-2.5,0,-1,0,0,0,0,0,10,987.72,-0.1,-1,-25,-7.84,-27.16,-6
"167","SMC02270","SMC02270_6.30.10_1",0.757795837430229,0.736131189134834,0.421335073999163,2010-06-30,-35,0,0.01,18.5,NA,NA,NA,0.46,0,-353,0,0,5,0,0,96.5,0,-30.5,0.365,0,40.5,31.5,0.015,0.065,15
"168","SMC02302","SMC02302_7.15.13_1",0.826969588125352,0.904257191898038,0.839976322279397,2013-07-15,-7,0.005,0.5,15,NA,NA,NA,101.7,-60,-286.5,-23,5,-1,1,42,34.25,-74.5,-43,62.66,0,43,64,0,-1.6,-60
"169","SMC02436","SMC02436_5.28.09_1",0.643837952060089,0.678464347787106,0.572710981052251,2009-05-28,161.5,-0.215,-0.14,-110.5,NA,NA,NA,310.35,-211,-363,-216,1,0.5,5,21.5,121.75,17.5,-85,117.37,0,162,-42,5.905,4.165,16
"170","SMC02536","SMC02536_6.29.11_1",0.462401393992546,0.580878784364916,0.936358516733933,2011-06-29,-95,0,-0.33,-12,NA,NA,NA,20.31,0,-30.5,-2,0,0,0,-0.5,11.25,0,-65,2.06,-0.01,-1,-11,0.2,-0.7,-43
"171","SMC02568","SMC02568_6.12.12_1",1.04773758707826,0.996851663293226,0.845311581254869,2012-06-12,-10,0.01,0.015,-2,NA,NA,NA,0,0,0,3.5,0,0,1,0,0,-10,0,0,-0.03,0,0,0.01,1.5,-8
"172","SMC02591","SMC02591_7.21.11_1",0.998283466322228,1.05778277620568,0.757273193870783,2011-07-21,0,0,0,0,NA,NA,NA,0,0,0,0,0,0,0,0,0,0,0,0,0,0,0,0,0,0
"173","SMC02622","SMC02622_6.15.10_1",0.615664225985189,0.706881430761936,0.700252012736579,2010-06-15,-66.5,-5.855,-10.55,10,NA,NA,NA,1880.9,0,-4,-1.5,0,0,-0.5,-1.5,-3.25,-1.5,8.5,942.06,-0.03,40,55,-3.66,-4.48,-76
"174","SMC02712","SMC02712_6.7.12_1",1.0670001446067,1.13333856219255,1.32765866993352,2012-06-07,-1,0,0,-1,NA,NA,NA,0,-30,0,0,-1,0,0,-4.5,0,0,-46,0,0,0,0,0,0,0
"175","SMC02884","SMC02884_6.23.10_1",0.777392510915912,0.780408560609529,0.401036120932646,2010-06-23,150,-0.21,-0.75,-124,NA,NA,NA,357.27,-212,-271,-210,1,0,3,21,114,18,-50.5,250.53,0,162,-54.5,-0.365,1.95,20
"176","SMC02902","SMC02902_8.2.11_1",0.853822767185208,0.909180850690241,0.702166808342527,2011-08-02,157,0.17,0.615,-46.5,1,21.35,-9,67.94,-2,-358,-12,0,0,0,0,129,-7,-0.5,49.625,-0.005,90.5,12.5,-0.215,-0.295,-13
"177","SMC02972","SMC02972_7.18.12_1",0.900412154236906,0.903332211434079,0.811862777634265,2012-07-18,-7,0,0.01,2,NA,NA,NA,0,0,0,0,0,0,0,0,0,0,0,0,0,0,-1,0,0,-4
"178","SMC02984","SMC02984_6.23.10_1",0.686774003884454,0.730972321801151,0.606663547414819,2010-06-23,-15,0,-0.34,-69,NA,NA,NA,175.63,0,-43,0,0,0.5,0,0,21,0,-81,19.66,-0.18,20,26,-0.23,0.2,-57
"179","SMC03011","SMC03011_6.13.13_1",0.902659608855255,1.0106899500065,1.07586153780687,2013-06-13,-18,0.01,0.26,-45,NA,NA,NA,80.61,-6,-64.5,-24,-0.5,0,0,-32.5,-2,0,-70,-2.48,0,47,87,0,3.13,-18
"180","SMC03216","SMC03216_7.27.11_1",1.06031143383849,1.05814885074961,0.930351082807108,2011-07-27,-1,-0.01,-0.02,0,NA,NA,NA,-0.02,0,0,0,0,0,0,0,0,0,0,-0.03,0,0,0,-0.13,-0.25,-1
"181","SMC03268","SMC03268_5.28.09_1",0.658290712763958,0.675781540116861,0.499150701472548,2009-05-28,166.5,-0.345,-0.185,-123,NA,NA,NA,458.31,-213,-363,-223,1,0.5,2,20.5,121.75,-1,-78.5,299.39,0,154,-44,8.995,13.485,22
"182","SMC03280","SMC03280_8.11.11_1",0.924865437103882,1.11132496149044,1.19412111500538,2011-08-11,-1,-0.03,-0.02,0,-7,2.52,0,0.03,0,-1,0,0,0,0,0,0,0,0,-0.04,0,0,0,-0.03,-0.38,0
"183","SMC03304","SMC03304_6.29.11_1",0.616605432387604,0.73593006314705,0.953717872264692,2011-06-29,NA,NA,NA,NA,NA,NA,NA,0,-363,0,-363,0,0,0,144,0,144,NA,0,NA,0,NA,NA,NA,NA
"184","SMC03438","SMC03438_7.2.12_1",0.839073178890033,0.902228754229055,0.884863566979624,2012-07-02,-64,0,-0.32,-3,NA,NA,NA,7.29,0,-28.5,0,0,0.5,0,0,9.25,0,-46,-0.92,-0.26,-5,-4,0.46,-0.7,-15
"185","SMC03523","SMC03523_6.11.13_2",0.707053175211892,0.83324298286704,0.870044931367016,2013-06-11,-36,0.02,-0.33,-5,-8,-2.41,-63,64.45,0,-179.5,-30,0,0,-0.5,0,6.75,-41.75,-48,-9.9,0,61,90,0,-3.87,-92
"186","SMC03984","SMC03984_6.18.12_1",1.15452744402563,1.02908248779986,0.614725287198185,2012-06-18,0,-0.05,-0.05,0,0,0.01,0,-0.03,0,0,0,0,0,0,0,0,0,0,-0.01,0,0,0,0,-0.05,0
"187","SMC04000","SMC04000_7.30.12_1",0.725554471594319,0.881800225428307,1.18885854101093,2012-07-30,0,0,0,-1,NA,NA,NA,-0.01,0,0,0,0,0,0,0,0,0,0,0,0,0,0,0,0,0
"188","SMC04008","SMC04008_6.19.12_1",0.865474075567611,0.738886500630804,0.544823084457578,2012-06-19,0,0.11,0.94,-44,0,101.59,-61,238.77,-9.5,-50,0,0.5,0,0,32.5,-43.5,0,-49.5,61.405,0,26,37,0,-2.63,-90
"189","SMC04134","SMC04134_7.26.11_1",0.959303295147397,0.977152280811629,0.764660968889536,2011-07-26,NA,NA,NA,0,NA,NA,NA,0,0,0,0,0,0,0,0,0,0,0,0,-0.005,0,0,0,0,0
"190","SMC04175","SMC04175_6.11.09_1",0.77405248218109,0.793414728503772,0.643235457936405,2009-06-11,-145,-2.47,-5.45,-49,NA,NA,NA,36.52,0,0,0,0,0,0,0,0,0,-5,12.47,0,0,0,-0.18,-0.06,-1
"191","SMC04204","SMC04204_7.11.12_1",1.08031807958436,1.02685652055684,0.842270576937122,2012-07-11,-31,-0.02,0,-9,NA,NA,NA,0.27,0,-115.5,0,0,0,0,0,-55,0,-23,0.01,0,0,0,-0.51,0,-25
"192","SMC04239","SMC04239_6.11.09_1",0.986107264348623,0.980658495510678,0.92183580758581,2009-06-11,0.5,0.17,0.18,-24,NA,NA,NA,39.45,0,0,0,0,0,0,0,0,0,-3,33.06,0,0,0,-0.6,-0.03,-1
"193","SMC04294","SMC04294_7.11.13_1",0.63717887691109,0.731033109788378,0.799688949906876,2013-07-11,-15,-0.8,-1.1,-19,0,23.64,-9,161.81,-1,-355,-5,0,1,-0.5,-1,125.5,-10.5,0.5,78.23,0,47,48.5,-0.49,-0.775,-26.5
"194","SMC04308","SMC04308_6.17.09_1",0.64249462511373,0.766772282142082,0.59237277429114,2009-06-17,52,-0.02,-0.04,-192,NA,NA,NA,125,0,-126.5,0,0,0,0,0,22.25,0,-123,78.95,-0.04,35,2,-0.195,-1.16,-20.5
"195","SMC04383","SMC04383_6.9.10_1",0.915087907823859,0.898028337333278,0.586261465100556,2010-06-09,0,0,0,-1,NA,NA,NA,0,0,0,0,0,0,0,0,0,0,0,0,0,0,0,0,0.005,0
"196","SMC04426","SMC04426_7.25.11_1",0.982781728533207,0.984472983367993,0.880510877372346,2011-07-25,0,-0.005,-0.005,0,0,0.32,0,0.53,0,-8,0,0,0,0,0,-98,0,0,-0.01,0,0,0,0,0.005,0
"197","SMC04682","SMC04682_7.25.11_1",1.00003670669625,0.929581054510517,0.809943686637883,2011-07-25,NA,NA,NA,-2,NA,NA,NA,0,0,0,-26.5,0,0,1,0,0,-8,-2,-0.01,0,0,0.5,0,-0.045,-0.5
"198","SMC04749","SMC04749_6.23.09_1",0.588794616964808,0.593157292294918,0.556160547204322,2009-06-23,104.5,0.03,0.07,-188,-6,-18.74,-12,59.54,0,-141,0,0,1,0,0,6,0,6,36.7,0,0,-10,-0.02,-0.06,-57
"199","SMC04756","SMC04756_7.7.10_1",0.694452050701905,0.682843199754902,0.330581333906225,2010-07-07,171,-0.16,-0.05,-123,NA,NA,NA,226.53,-215,-364,-228,2,0,2,-1,124,-1,-75,89.9,0,162,-45,0.89,13.495,21
"200","SMC04806","SMC04806_7.11.13_1",0.89177759043558,1.07894519542068,1.06026747393255,2013-07-11,-143,-0.005,-0.3,43.5,-2,57.255,-27,100.74,-29,-362.5,-33,2,1.5,0,-21.5,143.5,-10.5,-22,35.855,0,75,123,-0.83,0.23,-35
"201","SMC04880","SMC04880_6.6.12_1",1.13314159419431,1.0122358849396,0.643132545328359,2012-06-06,-5,0,0,-10,NA,NA,NA,0,0,0,0,0,0,0,0,-5,0,-41,0,0,0,0,0,0,0
"202","SMC05146","SMC05146_7.10.12_1",0.965525596750774,0.896252529638422,0.667532072438254,2012-07-10,-1,0,0,0,NA,NA,NA,0.87,-0.5,-30,-1,0,0,0,0,0,0,0,-0.015,0,0,0.5,0,-0.38,-0.5
"203","SMC05199","SMC05199_7.6.11_1",0.886038553815529,0.874062249261721,0.659900197415165,2011-07-06,-144,-3.06,-0.145,-2,NA,NA,NA,30.31,0,0,0,0,0,0,0,0,0,0,15.57,0,0,0,-0.08,-0.09,0
"204","SMC05230","SMC05230_7.2.12_1",0.750191484670754,0.936676892291386,0.801042771355217,2012-07-02,130,-2.71,-1.82,-76,NA,NA,NA,5519.14,0,-356,-108,0,0,0,0,138,-16.5,-1,1410.62,0,180,26.5,-16.42,530.95,-83
"205","SMC05296","SMC05296_6.26.12_1",0.944403030846169,1.04727559312064,1.07196306034037,2012-06-26,-3,0,-0.01,0,0,11.25,-61,5.82,0,-1,0,0,0,0,0,0,0,0,-0.39,0,0,0,-0.01,-0.675,0
"206","SMC05402","SMC05402_7.28.11_1",1.13964682367277,1.0215627888996,0.622774117401936,2011-07-28,0,-0.16,-0.02,-4,-1,15.4,-2,6.27,-3,0,-13,0,0,-3,-14,0,0,-3,1.29,0,-1,-6,-0.12,-6.37,-3
"207","SMC05702","SMC05702_6.7.10_1",0.791963809954699,0.74255349876638,0.460611540263746,2010-06-07,158.5,0.07,0.495,-186,1,67.04,-8,61.96,-14,-358.5,-63,0,0,0.5,9.75,122.5,16,37.5,60.74,0.025,154,23.5,-1.855,-1.605,-45
"208","SMC05759","SMC05759_6.21.10_1",0.724581898285668,0.740923551118008,0.56535788742352,2010-06-21,-131,-0.29,-0.2,-7.5,NA,NA,NA,347.45,0,-124,0,0,0,0,0,13.5,0,-10,123.62,0,36,0,-0.55,1.62,-11
"209","SMC05956","SMC05956_6.19.12_1",0.522624284022243,0.553335869345324,0.302977939992855,2012-06-19,149,-0.17,-0.63,-126.5,NA,NA,NA,299.76,-211,-364,-218,2,0,3,-1,124.5,18,-52,236.21,0,162,-57.5,-0.3,2.53,11.5
"210","SMC06079","SMC06079_6.26.13_2",0.98168792515723,0.984024435609776,0.716327490503274,2013-06-26,0,0,-0.04,0,-1.5,2.22,0,1.25,0,0,0,0,0,0,0,0,0,0,0.535,0,0,0,0,-0.12,0
"211","SMC06216","SMC06216_6.3.14_1",1.00943429321488,1.08284381916428,0.939284568666413,2014-06-03,-3,-0.24,-0.81,-1,0,23.36,-1,15.55,0,-8.5,0,0,0,0,0,0,0,-1,0.67,0,-1,-1,-0.07,-0.535,-1
"212","SMC06298","SMC06298_7.17.12_1",0.947941865455779,0.975762269432034,0.849072960793221,2012-07-17,NA,NA,NA,-1,NA,NA,NA,0,0,0,0,0,0,0,0,0,-2.5,0,-0.01,0,-1,-0.5,0,0.365,0
"213","SMC06302","SMC06302_6.28.12_1",0.546703624029695,0.791874374854289,0.584210424011059,2012-06-28,-28.5,-0.19,0.115,-17.5,2,166.51,-61,258.45,-1,-11,-3,-1,0,-2,0,-64.5,-2,-60.5,100.265,0,37.5,66.5,0,-7.515,-24.5
"214","SMC06356","SMC06356_6.10.13_1",0.773265598239012,0.857964316965895,0.910932967933595,2013-06-10,49,-0.02,-0.09,-196,NA,NA,NA,128.12,0,-125.5,0,0,0,0,0,22.25,0,-158,78.325,-0.04,35,31.5,-0.87,-1.175,-20.5
"215","SMC06467","SMC06467_6.28.10_1",0.827393734961083,0.73990783090311,0.598518184506675,2010-06-28,0,0,0,0,NA,NA,NA,0,0,0,0,0,0,0,0,0,0,0,0,0,0,0,0.005,0,0
"216","SMC06740","SMC06740_6.10.13_1",0.805758342806697,0.878053557081803,1.09967694316389,2013-06-10,-4,0,0.07,-8,10,-0.87,-27,48.84,-10.5,-201,-21,0,2,1,42,7,-0.5,-49.5,9.28,0,62,56.5,0,-0.165,-14
"217","SMC06794","SMC06794_7.18.12_1",0.946189198905618,0.969294200130765,0.959977926932592,2012-07-18,-3,0.01,0,0,NA,NA,NA,0,-1,0,-6,0,0,0,0,0,0,0,-0.02,0,0,2,0,-0.795,-2
"218","SMC06863","SMC06863_7.21.11_1",0.968081792280665,1.03621553809837,0.949013157938469,2011-07-21,0,0,-0.01,0,0,0.645,0,0.25,0,0,0,0,0,0,0,0,0,0,-0.08,0,0,0,0,-0.03,0
"219","SMC06918","SMC06918_7.16.12_1",0.859873376867544,0.887330043301723,0.645903922775831,2012-07-16,-93.5,-0.08,-0.125,35,NA,NA,NA,105.82,-0.5,-14,-6,-0.5,0.5,-0.5,-30.5,3,11.5,-7,61.085,-0.16,41.5,68,-0.03,-0.04,-31
"220","SMC07126","SMC07126_7.12.12_1",0.88839813961275,0.90418379657321,0.826362021775199,2012-07-12,-42,0,0.665,-59,NA,NA,NA,320.22,-25.5,-53,-39,1.5,0,0,-7.5,19.5,14.5,-38,22.27,0,54,84,-0.23,0.24,-71
"221","SMC08094","SMC08094_6.28.12_1",0.544955568537334,0.532817336807821,0.503195941101494,2012-06-28,-55.5,-0.14,-0.245,28,NA,NA,NA,75.37,1,-3.5,0,1,-1,0,-1,-0.5,-3,-4.5,20.95,-0.015,-2,1,-0.36,-0.11,-77
"222","SMC08150","SMC08150_7.8.14_1",0.742684380224028,0.818824117674583,0.722956832145939,2014-07-08,81,0.14,1.48,-64,1,-732.45,-7,217.39,-1,-353,-11.5,0,1.5,0.5,-16.5,114,-18,-2,104.29,-0.01,163,20.5,-0.65,0.24,-20.5
"223","SMC08335","SMC08335_7.7.10_1",1.0440609698604,0.95617896570933,0.623699627598666,2010-07-07,NA,NA,NA,0,NA,NA,NA,0,0,0,-357,0,0,0,0,0,160,0,0,0,0,0,0,0,-5
"224","SMC08655","SMC08655_6.21.12_1",1.17068711991541,1.12310789150871,0.803222330567853,2012-06-21,0,0,-0.01,0,0,0.405,0,0.02,0,0,0,0,0,0,0,0,0,0,-0.22,0,0,0,0,-0.02,0
"225","SMC08845","SMC08845_6.22.09_1",0.34226235651775,0.416855798305318,0.509189491468379,2009-06-22,-9,0,0,-5,NA,NA,NA,0.57,-24,-29.5,-22.5,1,0.5,2.5,-36.5,-21.5,-37,-20,0.07,-0.06,-1,-7,0.01,0.4,-11
"226","SMC09118","SMC09118_5.22.13_1",0.726289040931414,0.80562858247334,0.862221666930449,2013-05-22,-55,-0.215,-0.36,28,NA,NA,NA,111.72,2,-3.5,0,2,-0.5,0,-2,-0.75,-3,-4,32.38,-0.15,26,12,-0.15,-0.09,-16
"227","SMC09286","SMC09286_6.9.10_1",0.921426798277645,0.904551860178005,0.607894716771143,2010-06-09,-69,-1.03,-2.72,-70,NA,NA,NA,225.83,-8.5,-350,-6,-0.5,0,0,-8.5,117.5,-2.5,-3,220.46,-0.03,134,63,-0.54,-0.68,-27.5
"228","SMC09325","SMC09325_6.21.12_2",0.716512505489145,0.886261224607983,0.872404101581277,2012-06-21,NA,NA,NA,0,NA,NA,NA,0,-363,0,0,1,0,0,143,0,0,0,0,0,0,5,0,0,-5
"229","SMC09503","SMC09503_6.4.12_1",0.96916939163882,0.903023210260543,1.20350520829298,2012-06-04,0,0,0,-1,NA,NA,NA,0,0,0,0,0,0,0,0,0,0,0,0,0,0,0,0,-0.01,0
"230","SMC10685","SMC10685_7.1.10_1",0.835092529886978,0.777611926010521,0.486460226259971,2010-07-01,-48,0,2.35,-68,NA,NA,NA,956.92,0,-66,-69,0,0.5,1,0,12.75,-5,-21,625.74,-0.165,-9.5,6.5,-0.26,5.37,-20
"231","SMC11343","SMC11343_6.4.12_1",0.965057807628593,0.886902110747546,0.546545198196116,2012-06-04,-0.5,0.42,0.35,-4,-5,89.29,0,17.94,0,0,0,0,0,0,0,0,0,-3,26.04,0,0,0,0.03,0.69,-1
"232","SMC11727","SMC11727_6.9.10_1",1.17699141105459,1.072978745566,0.789877546662459,2010-06-09,0,-0.02,-0.08,0,0.5,1.485,0,0.96,0,0,0,0,0,0,0,0,0,0,-0.33,0,0,0,-0.01,-0.04,0
"233","SMC12862","SMC12862_6.27.11_1",0.791794570590697,0.747578110628291,0.523987721042137,2011-06-27,-63,-4.37,-8.65,20,NA,NA,NA,3316.56,-0.5,-3.5,0,-0.5,-2,0,4,-37,0,12,339.26,-0.11,0,39,-3.29,-1.91,-26
"234","SMC13062","SMC13062_7.23.13_1",0.494128023985806,0.639291604088234,1.11750455933542,2013-07-23,-90,-0.12,-0.13,34,NA,NA,NA,133.58,0,-14,-4,0,0.5,-1,-29.75,6.5,-39.5,-1,71.83,-0.05,47,68,-0.3,-0.07,-21
"235","SMC13214","SMC13214_5.22.13_1",0.755728071610213,0.908166874720497,0.945182486801005,2013-05-22,-73,0.38,256.635,43,NA,NA,NA,5718.72,-0.5,-361,-1,0,0,0,0.5,98,0,43,1756.96,0.04,-1,4,0.47,294.21,-5
"236","SMC13599","SMC13599_6.4.12_1",1.1300160634766,0.904483102474857,0.573850337488393,2012-06-04,0,0,0,0,NA,NA,NA,0,0,0,0,0,0,0,0,0,0,0,0,0,0,0,0,0.005,0
"237","SMC13630","SMC13630_6.21.12_1",0.495631223835118,0.658070025731605,0.428845182768041,2012-06-21,130,0.09,0.5,-167,NA,NA,NA,2695.97,0,-180.5,0.5,0,0,0,-15.5,5.25,-0.5,-11,398.67,-0.13,121,69.5,-1.12,-11.205,-15.5
"238","SMC14099","SMC14099_6.13.13_1",0.771261125269484,0.896948907617102,0.935835440346519,2013-06-13,-14,0.005,0.085,-27.5,NA,NA,NA,67.1,-1,-53,-25,-1,0,-0.5,-31,-1,-20.5,-67,8.135,0,53,74,0,-1.065,-18
"239","SMC16446","SMC16446_6.21.12_1",0.989274924522141,0.95971774031936,0.760509064954046,2012-06-21,-10,-0.02,-0.02,-5,NA,NA,NA,25.07,0,-84,0,0,0,0,0,1.5,0,-10,11.44,0,29,0,-0.02,-5.06,-0.5
"240","SMC16832","SMC16832_6.18.10_2",0.667312413755526,0.708374252575164,0.645809005830309,2010-06-18,-11,-2.26,-3.515,-73.5,NA,NA,NA,2221.38,0,-20,0,0,0,0,0,2.5,0,26,851.73,-0.13,59,51,-1.82,-6.5,-20
"241","SMC16980","SMC16980_7.6.11_1",0.585480484386891,0.722762346909785,0.82832353768516,2011-07-06,9.5,0.035,0.055,-18,NA,NA,NA,9.15,-1,-243,0,0,0,0,0,94,0,-62,11.49,0,29.5,1,-0.02,0.01,-1
"242","SMC18545","SMC18545_6.25.13_1",0.885079170805295,0.813417970253198,0.853577239071208,2013-06-25,0,0,0,0,0,0.07,0,-0.03,0,0,0,0,0,0,0,0,0,0,0,0,0,0,0,0.005,0
"243","SMC19697","SMC19697_6.24.13_1",0.883649222733734,0.809700126079639,0.54440708926228,2013-06-24,NA,NA,NA,0,NA,NA,NA,0,0,0,-357,0,0,0,0,0,159.5,0,0,0,0,0,0,0,-4
"244","SMC19809","SMC19809_6.25.13_1",0.910188035355141,1.09553091706996,1.10975133934466,2013-06-25,0,0,0,0,NA,NA,NA,0,0,0,0,0,0,0,0,0,0,0,0,0,0,0,0,0,0
"245","SMC19945","SMC19945_6.25.13_1",1.14737071072654,1.13822032635362,1.00305046994167,2013-06-25,0,0,-0.005,0,0,0.46,0,0.01,0,0,0,0,0,0,0,0,0,0,-0.11,0,0,0,0,-0.02,0
"246","SMC20032","SMC20032_6.18.10_1",0.615129908357861,0.762058855125884,0.52042006825519,2010-06-18,14,-1.455,-1.845,-98,NA,NA,NA,2080.96,0,-20,0,0,0,0,0,-30.5,0,-52,839.93,-0.04,59,51,-1.16,-7.92,-3
"247","SMC21822","SMC21822_6.21.10_1",0.866086933701864,0.829093628429112,0.38838483654174,2010-06-21,-4,0.13,240.6,69,7,1740.99,-12,4812.66,0,-340.5,0,0,3,0,0,110.25,0,69,1312.59,0.045,0,21,0.41,63.325,-49
"248","SMC24222","SMC24222_6.21.10_1",0.805516741081928,0.714908281943337,0.508128343653514,2010-06-21,-4,0.14,260.57,55.5,NA,NA,NA,4731.64,0,-342.5,-1,0,3.5,0,0,105.5,0,55.5,1361.195,0.035,0,22,6.23,211.4,-6
"249","SMC26909","SMC26909_5.31.10_1",0.860487838504552,0.754230548725489,0.358373261582314,2010-05-31,126.5,2.425,5.99,-19.5,NA,NA,NA,371.47,0,-249,0,0,2,0,0,129,-12.5,-39,218.88,0,0,4,-0.23,-5.48,-4
"250","SMC27709","SMC27709_5.31.10_1",0.967030146783995,0.818010006846543,0.516559614939166,2010-05-31,123,2.22,5.435,-19.5,NA,NA,NA,374.98,0,-248,-1,0,2,0,0,129,-12.5,-39,215.195,0,0,5,-0.22,-5.3,-5
"251","SMC29064","SMC29064_6.25.12_1",1.07305422427668,1.06749425222619,0.855585800742882,2012-06-25,-1,0,0,-4,NA,NA,NA,0,0,0,0,0,0,0,0,0,0,-4,0,0,0,0,0,0,0
"252","SMC32897","SMC32897_6.21.10_1",0.561370292024856,0.578028563503636,0.609787132544557,2010-06-21,NA,NA,NA,15,NA,NA,NA,1.12,-62.5,-358,-364,1.5,0,0,42.5,130.5,118,NA,NA,NA,NA,NA,NA,NA,NA
"253","SMC34888","SMC34888_6.24.10_1",0.872305188941151,0.881699081087627,0.441021682624865,2010-06-24,-1,0.02,0.02,-1,0,-12.73,-20,2.74,0,-87,-6,0,0,0,0,-16,0,0,-0.07,0,-1,-0.5,0,0.365,0
"254","SMC35837","SMC35837_6.25.12_1",1.24906080698645,1.22958957307439,1.21833831714225,2012-06-25,1,-0.02,-0.01,0,NA,NA,NA,5.31,0,-3,0,0,1,0,0,23.5,0,0,-0.05,0,0,0,-0.03,-0.02,-1
"255","SMC40887","SMC40887_6.12.13_1",0.824147476595201,0.838793357223162,1.01156041526759,2013-06-12,-24,-0.22,-5.5,-6,NA,NA,NA,333.64,-1,-234.5,-6,0,2,-1,0,51.25,-13,-25,188.18,0,-1,11.5,-3.235,-4.765,-34
"256","SMCR8_218","SMCR8_218_6.22.09_1",0.825396334558532,1.02671154806536,1.22303591944449,2009-06-22,-2,0,0,0,-3.5,0.19,0,0.03,0,-1,0,0,0,0,0,0,0,0,-0.005,0,0,0,0,0,-1
"257","SMCR8_219","SMCR8_219_7.6.09_1",0.889509926404251,0.941206825482137,0.846971234533356,2009-07-06,-1,0,0,0,NA,NA,NA,0.04,0,-14,0,0,0,0,0,6,0,-1,0,0,0,0,0,0,0
"258","SMCR8_474","SMCR8_474_7.5.09_1",1.02799038909607,1.05812922071791,0.800243769667026,2009-07-05,-1,0,0,-7,NA,NA,NA,0,0,0,0,0,0,0,0,0,0,-8,0,0,1,0,0,0,0
"259","SMCR8_513","SMCR8_513_6.22.09_1",1.04479252043012,1.04779758218861,0.737980551512505,2009-06-22,NA,NA,NA,-13,NA,NA,NA,0,-29.5,-99,-101,0.5,0,1,-1,0,-1,-6.5,-0.01,0,0,8.5,0.225,-0.865,-8.5
"260","SMCR8_605","SMCR8_605_7.1.09_1",1.05359419829708,0.893350862947051,0.41649143091451,2009-07-01,-1.5,0,-0.005,0,NA,NA,NA,-0.01,-1,0,0,0.5,0,0,8.75,-2,-0.5,0,-0.02,0,0,-5,0,0.03,-2
"261","SMCR8_688","SMCR8_688_7.1.09_2",0.998338681366858,0.856867973176997,0.398474276763344,2009-07-01,0,0,0,0,NA,NA,NA,0,0,0,0,0,0,0,0,0,0,0,-0.01,0,0,0,0,0,0
