"","stationcode","sampleid","sampledate","oovere","mmi","csci","latitude","longitude","DS_Dur_WS","DS_Mag_50","DS_Mag_90","DS_Tim","FA_Dur","FA_Mag","FA_Tim","Peak_2","Peak_Dur_10","Peak_Dur_2","Peak_Dur_5","Peak_Fre_10","Peak_Fre_2","Peak_Fre_5","Peak_Tim_10","Peak_Tim_2","Peak_Tim_5","SP_Dur","SP_Mag","SP_ROC","SP_Tim","Wet_BFL_Dur","Wet_BFL_Mag_10","Wet_BFL_Mag_50","Wet_Tim"
"1","312PS0099","312PS0099_06142010_BMI_RWB_1","6/14/10",1.11687099,1.07707254,1.09697177,34.77948,-119.95802,1,0,0.03,0,NA,NA,NA,0,0,0,0,0,0,0,0,0,0,0,0.08,0,0,0,0.05,0.19,0
"2","312WE1028","312WE1028_05292002_BMI_RWB_1","5/29/02",1.29627794,0.73128893,1.01378344,34.74721,-119.71562,1,0,0.01,0,NA,NA,NA,0,0,0,0,0,0,0,0,0,0,0,0.03,0.01,0,0,0.04,0.03,0
"3","312WE1035","312WE1035_05302002_BMI_RWB_1","5/30/02",0.98393678,1.15763895,1.07078787,34.73287,-119.67637,0,0,0,0,NA,NA,NA,0,0,0,0,0,0,0,0,0,0,0,0.01,0,0,0,0.02,0.01,5
"4","314SYL","314SYL_04042002_BMI_CSBP_Trans_1","4/4/02",1.00210875,0.75676227,0.87943551,34.64387,-120.43045,115,0.98,11.47,123,NA,NA,NA,70.71,0,2,-2,0,2,1,0,172,5,123,82.56,0.04,237,12,12.47,24.69,0
"5","314WE0542","314WE0542_07112000_BMI_CSBP_Trans_1","7/11/00",0.94113407,0.81614835,0.87864121,34.55085,-120.3583,4,0.01,0.19,5,0,0.23,0,0,-62,4,-37,2,0,6,37,0,37,34,0.61,0,0,8,0.01,1.5,0
"6","314WE0677","314WE0677_07232008_BMI_RWB_1","7/23/08",0.88825769,1.01024097,0.94924933,34.7477,-120.05303,1,0,0,0,NA,NA,NA,0,0,0,0,0,0,0,0,0,0,0,0.05,0,0,4,0.01,0.01,0
"7","314WE0779","314WE0779_07112001_BMI_CSBP_Trans_1","7/11/01",1.18379215,1.03092614,1.10735915,34.66959,-119.75404,2,0,0,0,NA,NA,NA,0,0,0,0,0,0,0,0,0,0,0,0,0,0,0,0,0.48,2
"8","314WE0796","314WE0796_07102001_BMI_CSBP_Trans_1","7/10/01",1.17617629,1.02755675,1.10186652,34.68351,-119.79875,35,0.6,0.9,40,NA,NA,NA,0,0,0,0,0,0,0,0,0,0,40,0,0.06,0,7,0.9,0.04,27
"9","314WE1046","314WE1046_06122002_BMI_RWB_1","6/12/02",1.06892131,1.16384957,1.11638544,34.5365,-119.83603,1,0,0.01,0,NA,NA,NA,0.04,0,2,0,0,2,0,0,142,0,0,0.28,0,0,0,0.07,0,0
"10","315CE0584","315CE0584_06072006_BMI_RWB_1","6/7/06",1.31696774,0.92584944,1.12140859,34.47666,-120.33833,1,0.01,0,1,NA,NA,NA,0,0,0,0,0,0,0,0,0,0,7,0.07,0.01,0,13,0,0.01,1
"11","315GAVGSP","315GAVGSP_05232001_BMI_CSBP_Trans_1","5/23/01",0.61621207,0.61676591,0.61648899,34.47395,-120.22866,NA,NA,NA,0,NA,NA,NA,0,0,0,-346,0,0,5,0,0,175,0,1.9,0,180,3,0,4.41,1
"12","315MIU","315MIU_04282008_BMI_RWB_1","4/28/08",1.11250293,0.90820362,1.01035327,34.44673,-119.70745,0,0,0,0,NA,NA,NA,0.05,0,0,0,0,0,0,0,0,0,0,9.6,0,120,2,0.15,0.21,0
"13","402BA0079","402BA0079_05282008_BMI_RWB_1","5/28/08",0.84225358,0.76776221,0.8050079,34.41183,-119.27418,182,0.31,0.65,156,NA,NA,NA,31.83,0,0,0,0,4,0,0,47,0,116,42.48,0,218,41,0.19,5.16,0
"14","402BA0095","402BA0095_05292008_BMI_RWB_1","5/29/08",1.32741831,1.10448302,1.21595066,34.46328,-119.34566,5,0,0,0,0,0,0,0,0,0,0,0,0,0,0,0,0,0,0.01,0,0,0,0.01,0.9,11
"15","402BA0143","402BA0143_05212008_BMI_RWB_1","5/21/08",0.75197227,0.58339355,0.66768291,34.36483,-119.31057,13,0.41,1.58,159,0,-207.79,-42,50.54,0,0,0,0,0,0,0,0,0,147,143.21,0,199,42,2.3,12.54,1
"16","402BA0287","402BA0287_06092008_BMI_RWB_1","6/9/08",1.06228056,1.01762477,1.03995266,34.50284,-119.36644,0,0.06,0.02,1,NA,NA,NA,0,0,0,0,0,0,0,0,0,0,0,0.38,0,17,10,0.27,0.31,0
"17","402BA0335","402BA0335_05272008_BMI_RWB_1","5/27/08",0.97330032,0.72707352,0.85018692,34.37965,-119.30751,37,1.46,4.69,157,0,118.29,0,17.72,0,1,0,0,1,0,0,33.5,0,97,67.72,0.04,197,101,3.39,11.75,1
"18","402WE0536","402WE0536_06142000_BMI_CSBP_Trans_1","6/14/00",1.2958773,1.01388147,1.15487938,34.5196,-119.40537,0,0,0,2,NA,NA,NA,0,0,0,0,0,0,0,0,0,0,2,0.19,0,0,0,0.02,0.01,0
"19","402WE0803","402WE0803_06122001_BMI_CSBP_Trans_1","6/12/01",0.89504086,0.92623915,0.91064,34.42131,-119.3806,12,0,0.04,1,-31,0.16,0,-0.01,0,1,0,0,0,0,0,0,0,0,0.05,0,0,0,4.57,11.77,12
"20","403BA0015","403BA0015_05192008_BMI_RWB_1","5/19/08",1.02851554,0.98517561,1.00684557,34.5312,-119.18421,0,0,0,0,NA,NA,NA,0,0,0,0,0,0,0,0,0,0,0,0.01,0,0,0,0,0,0
"21","403BA0027","403BA0027_06182014_BMI_RWB_MCM_1","6/18/14",0.95929163,0.90659145,0.93294154,34.66254,-119.05249,0,0,0,0,NA,NA,NA,0,0,2,0,0,1,0,0,41,0,1,1.23,0.01,0,0,0.05,0.01,0
"22","403BA0171","403BA0171_05192008_BMI_RWB_1","5/19/08",1.00797511,1.07762104,1.04279807,34.58516,-119.28363,49,0.04,0.06,2,2,0.12,0,-0.02,0,0,0,0,0,0,0,0,0,1,3.61,0,43,1,1.98,0.14,0
"23","403BA0960","403BA0960_05212008_BMI_RWB_1","5/21/08",1.21564701,1.15631671,1.18598186,34.59078,-118.4617,29,0,0.9,39,NA,NA,NA,0.02,0,1,0,0,2,0,0,53,0,39,0.04,0.11,74,48,0.9,2.6,27
"24","403CE0188","403CE0188_05262016_BMI_RWB_1","5/26/16",0.97277465,0.87005079,0.92141272,34.35646,-119.04752,29,0.33,2.38,87,2,10.62,0,10.99,0,0,0,0,0,0,0,0,0,0,12.45,0.04,205,6,1.22,3.07,0
"25","403S00640","403S00640_06112009_BMI_RWB_1","6/11/09",0.83594331,0.9697914,0.90286736,34.60115,-118.558,13,0.04,0.13,17,-1,1.89,-8,2.02,0,0,0,0,1,0,0,2,0,2,2.51,0,169,82,1.38,7.91,1
"26","403S00831","403S00831_06102010_BMI_RWB_1","6/10/10",0.50063777,0.49407019,0.49735398,34.43048,-118.8318,0,0,0,0,NA,NA,NA,0.08,0,0,0,0,3,0,0,91,0,0,0.05,0,0,0,0,0,0
"27","403S00875","403S00875_06242010_BMI_RWB_1","6/24/10",0.81519658,0.75985826,0.78752742,34.55668,-119.30629,1,0,0,0,NA,NA,NA,0,0,0,0,0,0,0,0,0,0,0,0,0,0,0,0,0,1
"28","403S01195","403S01195_06102009_BMI_RWB_1","6/10/09",0.84471377,0.81192753,0.82832065,34.55903,-119.2678,0,0.12,1.12,0,0,4.38,0,0.98,0,1,0,0,1,0,0,18.5,0,0,5.33,0,0,0,0.14,0.35,0
"29","403S01536","403S01536_07122011_BMI_RWB_1","7/12/11",1.14601236,0.81793441,0.98197339,34.56909,-118.39212,4,0.01,0.04,5,NA,NA,NA,0,0,0,0,0,0,0,0,0,0,34,0,-0.01,-29,-21,0.01,1.5,0
"30","403S01707","403S01707_06072010_BMI_RWB_1","6/7/10",0.80468203,0.6366526,0.72066732,34.59835,-119.34799,1,0.15,0.03,3,NA,NA,NA,0.57,0,0,0,0,0,0,0,0,0,3,1.88,0,8,15,0.22,0.03,0
"31","403S01728","403S01728_07132011_BMI_RWB_1","7/13/11",1.33194284,1.18519979,1.25857131,34.5749,-118.46002,43,0.16,0.36,7,NA,NA,NA,1.7,-119,-115,-118,0,3,1,42,59,53,7,3.35,0.08,83,82,1.51,1.6,28
"32","403S02363","403S02363_06162011_BMI_RWB_1","6/16/11",1.12084272,1.03018274,1.07551273,34.55885,-119.15456,1,0.19,0.15,8,0,6.04,0,4.04,0,0,0,0,0,0,0,0,0,0,6.87,0,0,1,0.23,1.18,0
"33","403S03643","403S03643_06242010_BMI_RWB_1","6/24/10",0.98566524,1.03553065,1.01059794,34.56213,-119.12891,1,0.2,0.15,8,0,6.13,0,3.99,0,0,0,0,0,0,0,0,0,0,6.88,0,0,0,0.23,1.1,0
"34","403S05291","403S05291_06072010_BMI_RWB_1","6/7/10",1.27320413,0.96709257,1.12014835,34.56397,-119.26305,0,0.1,0.16,1,0,4.11,0,2.69,0,0,0,0,0,0,0,0,0,1,5.18,0,0,1,0.13,0.35,0
"35","403S06139","403S06139_06272012_BMI_RWB_1","6/27/12",0.42262585,0.59795477,0.51029031,34.55464,-119.2405,5,0.13,1.26,5,1,4.38,0,2.95,0,0,0,0,0,0,0,0,0,0,5.66,0.01,0,0,0.14,2.05,5
"36","403S06315","403S06315_06272012_BMI_RWB_1","6/27/12",1.07947936,0.75735263,0.918416,34.59223,-119.31033,166,0.05,0.1,1,NA,NA,NA,0.37,0,0,0,0,0,0,0,0,0,1,1.59,0.19,17,1,0.48,0.73,0
"37","403S07024","403S07024_06132012_BMI_RWB_1","6/13/12",0.33377852,0.37787701,0.35582777,34.6092,-118.75771,1,1.04,1.72,78,1,12.1,-1,3.9,0,0,0,0,0,0,0,0,0,1,19.25,0,143,14,2.5,12.38,0
"38","403S07227","403S07227_06272012_BMI_RWB_1","6/27/12",0.6328693,0.70403328,0.66845129,34.56208,-119.16664,2,0.13,0.11,7,0,5.46,0,3.57,0,0,0,0,0,0,0,0,0,1,6.55,0.02,0,1,0.22,1.34,2
"39","403S16332","403S16332_06262013_BMI_RWB_MCM_1","6/26/13",0.64045402,0.59065022,0.61555212,34.5317,-118.75812,33,1.01,4.52,74,2,47.92,0,22.53,0,0,0,0,0,0,0,0,0,2,16.76,0,47,2,5.96,10.23,1
"40","403STC009","403STC009_02052003_BMI_CSBP_Trans_1","2/5/03",0.94767171,1.09717344,1.02242257,34.53833,-118.75889,35,1,3.37,74,2,48.18,0,23,0,0,0,0,0,0,0,0,0,1,16.84,0,47,2,5.76,10.18,0
"41","403STC070","403STC070_02052003_BMI_CSBP_Trans_1","2/5/03",1.25138738,0.98502314,1.11820526,34.56667,-119.26278,1,0.09,0.03,1,1,3.73,0,0.67,0,0,0,0,0,0,0,0,0,1,5.23,0.01,0,0,0.15,1.52,0
"42","403WE0501","403WE0501_05142013_BMI_RWB_1","5/14/13",0.87303191,0.79137978,0.83220584,34.54172,-118.77286,0,0,0,0,NA,NA,NA,0,0,0,0,0,0,0,0,0,0,0,0,0,0,0,0,0,0
"43","403WE0534","403WE0534_05232016_BMI_RWB_1","5/23/16",1.16092004,0.71140243,0.93616124,34.61359,-118.77983,15,0.65,2.13,79,1,12.77,0,3.69,0,1,0,0,0,0,0,0,0,0,11.64,0,143,1,1.64,5.34,1
"44","403WE0540","403WE0540_05172017_BMI_RWB_1","5/17/17",0.99305801,0.75642474,0.87474137,34.65136,-119.11845,0,0,0,0,NA,NA,NA,0,0,0,0,0,0,0,0,0,0,0,0,0,0,0,0,0,6
"45","403WE0558","403WE0558_06282000_BMI_CSBP_Trans_1","6/28/00",0.98862444,0.98461951,0.98662198,34.49347,-118.45703,42,0.16,0.36,7,-1,2.15,-1,2.49,-109,-104,-109,0,4,1,49,58,49,7,4.28,0.05,83,80,2.66,1.6,27
"46","403WE0560","403WE0560_07132000_BMI_CSBP_Trans_1","7/13/00",1.07840364,0.92513686,1.00177025,34.55841,-119.14079,2,0.2,0.15,7,0,6.09,0,4.06,0,0,0,0,0,0,0,0,0,0,6.86,0.01,0,0,0.23,1.14,2
"47","403WE0682","403WE0682_05252016_BMI_RWB_1","5/25/16",0.97340199,0.78646633,0.87993416,34.57066,-118.38974,4,0.01,0.04,5,NA,NA,NA,0,0,0,0,0,0,0,0,0,0,34,0,-0.01,-29,-21,0.01,1.5,0
"48","403WE0683","403WE0683_05152013_BMI_RWB_1","5/15/13",1.25750981,1.24309223,1.25030102,34.43952,-119.07616,0,0,0,0,NA,NA,NA,-0.01,0,0,0,0,0,0,0,0,0,0,0.09,0,0,0,0.02,0.04,0
"49","403WE0795","403WE0795_06062001_BMI_CSBP_Trans_1","6/6/01",1.07397954,1.09503013,1.08450483,34.6408,-119.08094,0,0,0,0,NA,NA,NA,0,0,0,0,0,0,0,0,0,0,0,0.12,0,0,5,0.05,0.01,0
"50","403WE0809","403WE0809_06052001_BMI_CSBP_Trans_1","6/5/01",1.19558537,1.2850019,1.24029364,34.5515,-119.20811,1,0.01,0.01,0,0,0.18,0,0.08,0,0,0,0,0,0,0,0,0,0,0.37,0,0,0,0.01,0.53,1
"51","403WE0891","403WE0891_06142001_BMI_CSBP_Trans_1","6/14/01",1.01843666,1.04262542,1.03053104,34.65926,-119.14255,0,0,0,0,NA,NA,NA,0,0,0,0,0,0,0,0,0,0,0,0.01,0,0,0,0,0,0
"52","403WE0905","403WE0905_07222008_BMI_RWB_1","7/22/08",1.17759043,1.12138198,1.14948621,34.55734,-119.24876,1,0.13,0.94,0,0,4.57,0,2.9,0,0,0,0,0,0,0,0,0,0,5.57,0,0,0,0.14,0.36,1
"53","403WE1027","403WE1027_05162017_BMI_RWB_1","5/16/17",0.7016109,0.73111317,0.71636204,34.72654,-119.02842,4,0.01,1.5,5,0,0.22,0,0,-31,2,2,1,1,1,22,0,0,32,1.25,0,0,18,1.5,1.5,3
"54","404BA0084","404BA0084_06042008_BMI_RWB_1","6/4/08",1.18093997,0.97707689,1.07900843,34.09079,-118.94926,58,0.01,0.43,59,NA,NA,NA,0.04,0,3,0,0,3,0,0,22,0,57,1.26,0.01,10,43,0.48,1.1,5
"55","404BA0376","404BA0376_06052008_BMI_RWB_1","6/5/08",1.13662308,0.7995555,0.96808929,34.11648,-118.66164,58,0.01,0.69,58,NA,NA,NA,0.83,0,-5,0,1,1,0,0,27,0,61,8,0.01,30,40,0.66,1.29,5
"56","404BA0526","404BA0526_06042008_BMI_RWB_1","6/4/08",1.14474267,0.9656215,1.05518208,34.04298,-118.87219,58,0.02,0.46,59,NA,NA,NA,0.06,0,1,0,0,2,0,0,26,0,59,1.38,0,9,39,0.47,1.1,5
"57","404BA0616","404BA0616_06032008_BMI_RWB_1","6/3/08",0.87309251,0.60907211,0.74108231,34.17453,-118.69879,4,0.01,0.04,5,NA,NA,NA,0,-84,0,0,0,0,0,38,0,0,34,1.46,-0.01,-8,-8,0.01,1.5,0
"58","404BA0852","404BA0852_06032008_BMI_RWB_1","6/3/08",0.91563561,0.90199033,0.90881297,34.07877,-118.82037,58,0.02,0.46,59,NA,NA,NA,0.43,0,2,0,0,2,0,0,26,0,62,1.74,0.01,9,39,0.83,1.1,5
"59","404BA0964","404BA0964_06042008_BMI_RWB_1","6/4/08",0.66784033,0.90600017,0.78692025,34.06133,-118.9649,58,0.02,0.46,59,NA,NA,NA,0.22,0,2,0,0,2,0,0,26,0,57,0.89,0,10,40,2.56,1.1,5
"60","404BA1144","404BA1144_06102008_BMI_RWB_1","6/10/08",1.29635419,0.91856489,1.10745954,34.06064,-118.63755,57,0.02,0.71,59,NA,NA,NA,0.73,0,-3,0,0,2,0,0,47,0,62,4.06,0.01,27,40,1.04,1.1,5
"61","404CE0316","404CE0316_07242007_BMI_RWB_1","7/24/07",0.42953167,0.33288402,0.38120784,33.99722,-118.4025,64,20.31,67.64,47,-1,1163.83,-11,1844.03,-6,0,-14,0,6,0,0,50.5,24,21,22654.92,0.36,102,157,14.03,32.55,-1
"62","404S00808","404S00808_06222010_BMI_RWB_1","6/22/10",0.58896347,0.40734668,0.49815508,34.11411,-118.77907,29,0.02,0.71,87,NA,NA,NA,59.2,-1,-24,-27,0,4,2,0,26.5,47,85,135.67,0.16,69,132,0.49,5.57,13
"63","404S01128","404S01128_06232010_BMI_RWB_1","6/23/10",0.60968734,0.6197525,0.61471992,34.1039,-118.71271,64,0.04,1.47,93,NA,NA,NA,31.66,0,-26,0,0,4,1,0,96,17.5,93,73.42,0.16,64,93,1.6,2.94,6
"64","404S02920","404S02920_05122009_BMI_RWB_1","5/12/09",0.60294547,0.45820303,0.53057425,34.17748,-118.767,7,0.02,0.71,56,NA,NA,NA,3.75,0,-18,-27,0,3,2,7.5,26.5,61.5,33,2.96,0.16,64,96,0.46,0.65,5
"65","404S03048","404S03048_05132009_BMI_RWB_MCM_1","5/13/09",0.97881247,0.50549524,0.74215385,34.18426,-118.79089,53,0,0.71,58,NA,NA,NA,1.89,0,-12,-25,0,3,2,0,47,47,61,7.16,0,29,55,2.73,1.42,6
"66","404S06456","404S06456_05142009_BMI_RWB_1","5/14/09",1.08350961,0.88735875,0.98543418,34.06463,-118.58685,59,0.26,3.28,65,NA,NA,NA,8.77,0,-12,0,0,4,0,0,55,0,45,34.89,0.1,67,83,1.98,3.45,2
"67","404S08040","404S08040_05122009_BMI_RWB_MCM_1","5/12/09",0.45596072,0.31891106,0.38743589,34.14358,-118.75527,60,0.02,0.71,83,NA,NA,NA,34.87,0,-24,-27,0,5,1,0,25,61.5,81,100.13,0.16,64,119,0.49,2.61,12
"68","404S08616","404S08616_05132009_BMI_RWB_MCM_1","5/13/09",0.58140572,0.31196921,0.44668746,34.12188,-118.7924,130,0.06,1.01,85,NA,NA,NA,53.29,0,-27,-30,0,3,0,23,-4,19,85,123.44,0.17,71,74,1,0.8,38
"69","404S08846","404S08846_06222010_BMI_RWB_1","6/22/10",0.99158429,0.91038558,0.95098493,34.05442,-118.58176,52,0.72,5.67,58,NA,NA,NA,9.18,0,-9,0,0,4,1,0,77,20.5,23,35.43,0.12,64,79,2.2,8.65,4
"70","404S11880","404S11880_06072011_BMI_RWB_1","6/7/11",0.77847125,0.59700165,0.68773645,34.12529,-118.70827,58,0.76,9.9,93,NA,NA,NA,32.39,0,-27,-1,0,6,1,0,58,22.5,70,117.93,0.49,75,128,2.2,6.17,4
"71","404S13416","404S13416_06082011_BMI_RWB_1","6/8/11",0.91022292,0.61911187,0.76466739,34.09875,-118.71594,67,0.04,0.72,47,NA,NA,NA,33.78,0,-26,-13,0,4,3,0,96,18.5,47,75.43,0.16,64,94,1.6,2.87,7
"72","404S14952","404S14952_06152011_BMI_RWB_MCM_1","6/15/11",0.54496177,0.45783839,0.50140008,34.14268,-118.70089,57,0.02,2.73,51,NA,NA,NA,16.55,1,-24,0,0,5,0,0,40.5,0,51,12.12,0.16,64,93,0.49,1.97,5
"73","404S16516","404S16516_05182009_BMI_RWB_1","5/18/09",0.61217202,0.59635442,0.60426322,34.12998,-118.75648,-5,0.28,3.36,31,18,35.5,-12,73.59,-4,-7,-15,0,5,0,-15,32.5,88,11,91.21,0,99,168,3.73,14.68,-1
"74","404S17266","404S17266_05192009_BMI_RWB_1","5/19/09",0.80328807,0.55965578,0.68147192,34.10741,-118.7118,63,0.04,1.47,68,NA,NA,NA,31.73,0,-26,0,0,4,1,0,96,2,68,73.79,0.16,64,94,1.82,3.24,6
"75","404S17664","404S17664_05202009_BMI_RWB_1","5/20/09",0.61386252,0.52520388,0.5695332,34.14994,-118.6976,58,0.02,2.73,57,NA,NA,NA,14.51,1,-23,0,0,5,0,0,40,0,51,8.21,0.16,64,81,0.49,1.2,3
"76","404S22464","404S22464_05192009_BMI_RWB_1","5/19/09",0.62048115,0.50348232,0.56198173,34.12676,-118.70685,69,0.02,2.73,68,NA,NA,NA,28.4,0,-26,0,0,4,0,0,96,0,68,30.73,0.11,64,94,0.47,2.74,9
"77","404S25668","404S25668_06232010_BMI_RWB_1","6/23/10",0.45160413,0.66033222,0.55596817,34.12139,-118.70914,69,0.02,2.73,69,NA,NA,NA,28.57,0,-27,0,0,4,0,0,96,23,69,33.38,0.12,64,94,0.49,2.49,9
"78","404S26868","404S26868_06262012_BMI_RWB_1","6/26/12",0.75093391,0.71165834,0.73129612,34.09675,-118.71737,57,0.2,1.3,53,NA,NA,NA,34.04,0,-23,0,0,4,0,0,47,0,48,74.61,0.08,75,98,0.49,3.04,9
"79","404S28068","404S28068_06202012_BMI_RWB_1","6/20/12",0.65591767,0.56609057,0.61100412,34.13936,-118.70366,58,0.02,2.73,50,NA,NA,NA,16.75,1,-24,0,0,5,0,0,41,0,50,13.16,0.16,64,85,0.49,1.92,5
"80","404S28270","404S28270_06182012_BMI_RWB_1","6/18/12",0.61848048,0.51923379,0.56885714,34.13663,-118.75725,22,0.05,0.66,44,18,34.74,-11,60.17,-3,-5,-15,0,6,0,-15,40.5,88,21,50.53,0,99,170,1.53,12.85,-1
"81","404S32468","404S32468_06262012_BMI_RWB_1","6/26/12",0.76755326,0.5275603,0.64755678,34.0999,-118.72304,42,0.04,3.54,69,NA,NA,NA,183.33,1,-27,0,0,4,0,0,27,0,69,206.58,0.16,114,161,2.73,19.18,23
"82","404S34120","404S34120_06212012_BMI_RWB_1","6/21/12",0.74064526,0.43919335,0.5899193,34.16558,-118.78918,21,0,0.06,31,NA,NA,NA,11.59,-1,-164,-21,0,7,1,0,93,88,-2,10.5,0,76,131,0.65,1.9,13
"83","404S35270","404S35270_06202012_BMI_RWB_1","6/20/12",0.90200056,0.6416907,0.77184563,34.13325,-118.70656,61,0.02,2.73,68,NA,NA,NA,26.17,1,-26,0,1,4,0,0,27,0,68,24.49,0.16,64,94,0.49,2.41,9
"84","404S45622","404S45622_06032013_BMI_RWB_1","6/3/13",1.14528188,0.85645776,1.00086982,34.06149,-118.58534,59,0.71,8.86,104,NA,NA,NA,8.88,0,-12,0,0,4,0,0,55,15.5,76,72.61,0.11,64,79,1.98,3.72,2
"85","405CE0280","405CE0280_07022018_BMI_RWB_1","7/2/18",1.14791261,0.65157175,0.89974218,34.23041,-117.74981,0,0,0,1,NA,NA,NA,0,0,8,0,0,3,0,0,58.5,0,1,0.55,0,168,0,0.01,0.31,1
"86","405PS0030","405PS0030_07082015_BMI_RWB_1","7/8/15",1.06476871,0.6488247,0.8567967,34.23487,-117.80523,0,-0.01,-0.01,0,NA,NA,NA,0,0,0,0,0,0,0,0,0,0,0,0.07,0,0,0,1.55,2.78,0
"87","405WE0777","405WE0777_06202001_BMI_CSBP_Trans_1","6/20/01",1.22327116,1.14574154,1.18450635,34.25461,-118.08523,1,0.2,0.2,7,-1,0.18,0,0.24,0,-96,-100,0,4,2,0,58,52,15,0.88,0.05,29,29,0.2,1.6,2
"88","407CE0092","407CE0092_04272004_BMI_RWB_1","4/27/04",0.38989811,0.25195626,0.32092719,34.27931,-119.22089,18,1.1,0.76,40,NA,NA,NA,0.14,-4,-52,-8,1,12,4,23.5,114,50,45,3.02,0.01,126,142,0.5,2.6,10
"89","407CE0220","407CE0220_05032006_BMI_RWB_1","5/3/06",0.44813332,0.42538158,0.43675745,34.28729,-119.21586,NA,NA,NA,0,NA,NA,NA,0,0,0,0,0,0,0,0,0,0,1,0,NA,0,-1,0,0,0
"90","407CE0668","407CE0668_05222007_BMI_RWB_1","5/22/07",0.42151147,0.26984725,0.34567936,34.28231,-119.21909,18,1.1,0.76,40,NA,NA,NA,0.14,-4,-52,-8,1,12,4,23.5,114,50,45,3.02,0.01,126,142,0.5,2.6,10
"91","408BA0660","408BA0660_04272017_BMI_RWB_1","4/27/17",0.6407612,0.44047644,0.54061882,34.26784,-118.93781,225,0.04,0.06,161,NA,NA,NA,266.53,-212,-352,-224,2,5,3,0,177,18.5,-68,545.02,0,237,76,2.75,15.1,24
"92","408BA0836","408BA0836_06042014_BMI_RWB_MCM_1","6/4/14",0.49921918,0.55818325,0.52870122,34.19071,-119.0051,222,-0.03,-0.07,162,NA,NA,NA,315.21,-214,-353,-218,0,6,2,43,133,0,-41,676.27,0,237,51,0,3.08,34
"93","408BA0916","408BA0916_05082008_BMI_RWB_1","5/8/08",0.98677149,0.58187625,0.78432387,34.23266,-118.95311,225,-0.04,-0.07,163,NA,NA,NA,179.77,-208,-348,-220,3,7,4,18,167.5,-6,-46,312.82,0,237,51,0,4.6,33
"94","408CAL012","408CAL012_10302001_BMI_CSBP_Trans_1","10/30/01",0.73202817,0.5622054,0.64711679,34.27242,-118.78131,138,0.42,0.94,136,NA,NA,NA,121.73,0,-5,0,0,5,0,0,142,0,136,396.58,0.04,204,89,0.06,2.25,-2
"95","408PS0032","408PS0032_05212008_BMI_RWB_MCM_1","5/21/08",0.68520605,0.56951694,0.6273615,34.1688,-119.05743,223,0.03,0.04,163,NA,NA,NA,485.1,-214,-351,-222,1,5,3,22,177,15,-65,1287.89,0,237,76,20.3,29.48,39
"96","408WE0547","408WE0547_07122000_BMI_CSBP_Trans_1","7/12/00",0.57194799,0.52345272,0.54770035,34.19094,-119.0859,NA,NA,NA,0,NA,NA,NA,1,-262,0,-260,2,7,4,-1,191.5,-1,-212,23.02,0,189,46,0,1.04,-3
"97","408WE0654","408WE0654_06132001_BMI_CSBP_Trans_1","6/13/01",0.57245645,0.51648834,0.5444724,34.16522,-119.09069,NA,NA,NA,18,NA,NA,NA,3.9,-261,10,-30,3,6,6,21.5,134.5,-5,-56,73.04,0,189,22,0,0,-3
"98","408WE1039","408WE1039_05072002_BMI_RWB_1","5/7/02",0.266129,0.24113287,0.25363094,34.14743,-119.087,39,0.1,0,-34,2,0.05,2,0.02,1,1,0,0,0,0,0,0,0,-25,0.01,0.13,35,70,0,1.56,0
"99","410CE0284","410CE0284_05042006_BMI_RWB_1","5/4/06",0.58420235,0.29408839,0.43914537,34.14944,-119.19111,180,-0.13,-0.12,98,1,-73.62,-21,113.12,0,3,0,0,2,0,0,44,48,78,178.32,0.12,196,125,0,0.29,90
"100","412CE0104","412CE0104_07192005_BMI_RWB_1","7/19/05",0.74091358,0.47239027,0.60665192,34.06911,-118.22324,175,3.45,9.34,156,0,-2271.46,-9,4474.62,0,0,0,0,0,0,16,15.5,1,137,4002.13,0.11,250,121,11.41,-2.31,0
"101","412CE0616","412CE0616_07162015_BMI_RWB_MCM_1","7/16/15",0.761421,0.5589496,0.6601853,34.15397,-118.42994,159,-0.56,10.25,130,0,3708.98,-1,1446.36,0,0,0,0,0,0,0,1,0,130,3549.41,0.05,248,84,0.58,36.9,0
"102","412CE0732","412CE0732_09022015_BMI_RWB_MCM_1","9/2/15",0.72943747,0.42857332,0.5790054,34.15513,-118.31261,229,3.87,88.87,178,3,4743.8,0,2512.85,0,0,0,0,1,0,0,16,8,178,3764.85,0.1,249,133,0,29.29,0
"103","412WE0552","412WE0552_08022018_BMI_RWB_1","8/2/18",0.93327878,0.57819127,0.75573503,34.23908,-118.18059,28,1.43,0.2,6,-6,0.33,0,1.8,0,-89,-95,0,5,3,0,64,51.5,14,5.58,0.05,53,47,2.3,1.6,28
"104","412WE0563","412WE0563_06212001_BMI_CSBP_Trans_1","6/21/01",1.24511685,1.0295481,1.13733248,34.34716,-118.04869,10,0.04,0.1,2,NA,NA,NA,0,0,4,-4,0,1,1,0,0,22.5,1,0.7,0.05,11,11,0,0.42,1
"105","412WE0896","412WE0896_09022015_BMI_RWB_1","9/2/15",0.99087917,0.77948508,0.88518212,34.28771,-118.23008,7,0.05,1.07,2,1,2.29,0,0.55,0,0,-1,0,1,0,0,0,3,2,7.05,0,0,85,0.2,4.5,5
"106","481S05856","481S05856_06132013_BMI_RWB_1","6/13/13",1.33319724,1.1046872,1.21894222,34.19152,-117.67601,NA,NA,NA,0,NA,NA,NA,0,-16,0,2,0,0,2,0,0,69,0,-0.01,0,0,1,0.76,-0.06,-1
"107","722ABSPPC","722ABSPPC_04132015_BMI_RWB_1","4/13/15",1.13904804,0.71047081,0.92475942,33.27851,-116.42925,NA,NA,NA,0,NA,NA,NA,0.19,0,1,0,0,2,0,0,161,0,0,0.06,0,0,1,0.01,0,0
"108","722PS0535","722PS0535_04082015_BMI_RWB_1","4/8/15",1.16765702,0.61824308,0.89295005,33.36921,-116.42223,0,0,0,0,NA,NA,NA,0,0,0,0,0,0,0,0,0,0,NA,0,NA,0,NA,NA,NA,0
"109","722PS0611","722PS0611_06082010_BMI_RWB_1","6/8/10",0.58976735,0.67270937,0.63123836,33.11256,-116.4447,0,-0.01,-0.01,0,NA,NA,NA,2.18,0,1,0,0,1,0,0,145.5,0,0,4.31,0,179,2,7.39,1.08,0
"110","801CE0152","801CE0152_07202005_BMI_RWB_1","7/20/05",1.19958438,0.90088726,1.05023582,34.18783,-117.1803,26,0,0.12,9,NA,NA,NA,0.74,-7,0,0,5,1,3,5,18.5,30.5,10,0.65,0,2,7,0.02,2.48,27
"111","801LYC271","801LYC271_06102014_BMI_RWB_1","6/10/14",1.09673446,0.80212795,0.94943121,34.22931,-117.47362,0,0,0,42,NA,NA,NA,0,0,0,1,0,0,0,0,0,0,39,0,0,0,18,11.23,5.04,4
"112","801MIC042","801MIC042_06092014_BMI_RWB_1","6/9/14",0.39845887,0.41813884,0.40829885,33.94623,-117.61423,268,0.28,1.21,159,NA,NA,NA,477.63,-16,-32,-6,0,5,3,5,143,9,-32,525.79,0,237,93,-0.42,1.69,94
"113","801RB8361","801RB8361_06122014_BMI_RWB_MCM_1","6/12/14",0.94115258,0.6633591,0.80225584,33.96825,-117.44789,NA,NA,NA,88,NA,NA,NA,1123.55,-1,-258,-260,-1,5,5,6,43,43,NA,NA,NA,NA,NA,NA,NA,-16
"114","801RB8501","801RB8501_06182013_BMI_RWB_1","6/18/13",1.12350903,0.71801694,0.92076299,34.09189,-116.94243,2,0.1,0.1,14,NA,NA,NA,0.44,0,2,-1,0,3,0,0,123.5,0,13,0.79,0.18,74,72,0.01,0.42,2
"115","801S08727","801S08727_06052013_BMI_RWB_1","6/5/13",1.04471789,0.93890552,0.9918117,34.2171,-117.46178,5,0.1,0.1,16,NA,NA,NA,0,-109,0,0,1,0,4,-22,0,131,13,8.42,0,123,118,1.4,0,5
"116","801WE0550","801WE0550_06272000_BMI_CSBP_Trans_1","6/27/00",1.18741016,1.17019451,1.17880233,34.16471,-116.97444,3,0.06,0.28,1,0,0.04,0,9.87,0,0,0,0,0,0,0,0,0,1,12.53,0,0,1,5.06,1.91,1
"117","801WE0669","801WE0669_06262001_BMI_CSBP_Trans_1","6/26/01",1.21608202,1.25837704,1.23722953,34.23169,-116.99915,94,0.02,4.32,73,NA,NA,NA,89.22,1,0,0,0,1,0,0,11.5,6,73,152.05,0.01,19,66,1.64,36.3,0
"118","801WE0674","801WE0674_05142013_BMI_RWB_1","5/14/13",1.21294887,1.16850057,1.19072472,34.17617,-116.9839,28,0.11,0.57,41,NA,NA,NA,0,0,1,0,0,0,0,0,0,0,41,0.19,0.03,3,3,0.8,0.7,45
"119","801WE0989","801WE0989_06182002_BMI_RWB_1","6/18/02",0.8697001,0.62846723,0.74908367,33.91889,-117.60776,132,0.06,4.68,132,NA,NA,NA,4006.01,0,-25,1,0,6,1,0,23.5,15,132,3957.73,0.48,72,73,2.4,404.88,82
"120","801WE1008","801WE1008_06292016_BMI_RWB_1","6/29/16",0.89480661,0.7446729,0.81973976,34.18128,-116.91197,2,0.1,0.1,12,NA,NA,NA,0,0,13,-37,0,0,2,100,0,163,12,0.23,0,86,84,0.08,0.1,2
"121","801WE1013","801WE1013_05152002_BMI_RWB_1","5/15/02",1.1699735,0.9501494,1.06006145,34.10098,-117.01071,2,0.02,0.24,11,NA,NA,NA,1.12,0,0,0,0,1,0,0,1,0,5,2.35,0,0,3,1.07,1.33,2
"122","801WE1020","801WE1020_06142005_BMI_CSBP_Comp_1","6/14/05",0.62480521,1.03102943,0.82791732,34.25257,-117.53174,0,0,0,0,NA,NA,NA,0,0,0,0,0,0,0,0,0,0,0,0,0,0,0,0,0,0
"123","801WE1032","801WE1032_06042002_BMI_RWB_1","6/4/02",0.65599068,0.62548919,0.64073994,33.96165,-117.50039,NA,NA,NA,69,NA,NA,NA,1569.11,0,-235,-30,0,6,5,0,131,9,69,8041.98,0.11,0,11,16.41,124.76,-5
"124","801WE1043","801WE1043_05012007_BMI_TRC_1","5/1/07",0.84428889,1.15130685,0.99779787,34.17289,-117.18064,41,0.04,0.11,1,-1,5.41,-1,1.14,0,0,0,0,1,1,0,0,5,2,6.76,0,0,9,0,10.93,7
"125","801WE1127","801WE1127_06132002_BMI_RWB_1","6/13/02",1.14004617,1.24086963,1.1904579,34.18401,-117.25876,18,0.01,0.05,4,5,3.39,0,0.88,0,0,0,0,2,1,0,90,1.5,5,4.5,0,226,5,0.53,0.29,7
"126","801WE1132","801WE1132_04202015_BMI_RWB_1","4/20/15",1.11545892,1.14749908,1.131479,34.13332,-116.84289,112,0.38,2.3,2,NA,NA,NA,0.05,-14,26,-13,1,0,2,10,0,21,1,117.9,0.27,11,11,1.1,0.7,89
"127","802SJR116","802SJR116_06122014_BMI_RWB_1","6/12/14",0.87349684,0.39144727,0.63247206,33.66396,-117.2787,197,3.35,8.61,0,NA,NA,NA,370.64,0,-21,1,0,6,1,0,151,0.5,1,5594.7,0,191,7,0,162.69,-2
"128","802WE0539","802WE0539_07192000_BMI_RWB_1","7/19/00",0.88644814,0.89855991,0.89250403,33.77174,-116.7696,5,0.01,0.08,1,0,0.44,0,0.02,0,0,0,0,0,0,0,0,0,4,0.16,0,0,2,0.01,0.55,5
"129","802WE0658","802WE0658_04212015_BMI_RWB_1","4/21/15",1.01523621,0.89775454,0.95649537,33.79824,-116.74831,4,0.02,0.07,1,5,0.98,0,0.06,0,0,0,0,0,0,0,0,0,1,0.72,0,0,5,0.09,0.6,4
"130","802WE0794","802WE0794_05102001_BMI_RWB_1","5/10/01",0.93697443,0.82507825,0.88102634,33.72962,-116.6735,0,0,0,0,NA,NA,NA,0,0,0,0,0,0,0,0,0,0,0,0,0,168,0,0,0,8
"131","901DCCSMC","901DCCSMC_05162011_BMI_RWB_1","5/16/11",1.17584545,1.08280734,1.1293264,33.47303,-117.4659,5,0.05,0.21,1,NA,NA,NA,2.61,0,2,0,0,0,0,0,77,0,2,49.19,0,129,0,1.94,3.06,0
"132","901S00313","901S00313_04302009_BMI_RWB_1","4/30/09",0.78222348,0.5596484,0.67093594,33.60642,-117.44623,12,0.05,3.02,5,0,0.23,0,0,2,3,-11,2,1,3,-5,0,20,34,0.81,0,0,11,1.5,1.5,0
"133","901S00997","901S00997_05142009_BMI_RWB_1","5/14/09",0.56525695,0.3720908,0.46867387,33.44002,-117.61937,12,0.02,0.69,70,NA,NA,NA,31.73,4,-94,-25,2,11,0,42,76,43.5,23,20.94,0.17,105,151,0.68,1.15,-2
"134","901S01705","901S01705_05092017_BMI_RWB_1","5/9/17",1.07855517,0.89395534,0.98625526,33.60369,-117.51,0,0,0,0,NA,NA,NA,0,0,1,0,0,1,0,0,3.5,0,0,0.02,0,0,0,0,0,10
"135","901S01811","901S01811_05072009_BMI_RWB_1","5/7/09",0.89413886,0.43343419,0.66378652,33.56418,-117.71792,28,0.37,3.37,39,2,9.92,-47,128.07,0,-37,-23,0,7,2,10.5,74,34,19,190.39,0.02,82,121,6.01,8.33,-6
"136","901S01849","901S01849_05102017_BMI_RWB_1","5/10/17",1.19172239,1.03686062,1.11429151,33.55523,-117.39779,4,0.01,0.04,5,NA,NA,NA,0,0,0,0,0,0,0,0,0,0,34,0.15,-0.01,-26,-21,0.01,1.5,0
"137","901S04409","901S04409_05192011_BMI_RWB_1","5/19/11",1.02084484,0.8790989,0.94997187,33.60347,-117.45314,4,0.06,1.5,5,0,0.23,0,0,2,3,-11,1,1,3,-5,0,20,34,0.84,0,0,0,1.5,1.5,1
"138","901S06851","901S06851_05192011_BMI_RWB_1","5/19/11",0.90864304,0.47509683,0.69186994,33.55052,-117.67542,-9,0.07,1.02,50,NA,NA,NA,101.95,-4,-14,-30,2,7,1,-76,69,32,53,125.99,0,91,166,2.47,1.55,-4
"139","901S06969","901S06969_05312012_BMI_RWB_1","5/31/12",0.85281563,0.76090336,0.8068595,33.55334,-117.39579,4,0.01,0.04,5,NA,NA,NA,0,0,0,0,0,0,0,0,0,0,34,3.12,-0.01,-26,-18,0.01,1.5,0
"140","901SJC74x","901SJC74x_04222009_BMI_RWB_1","4/22/09",0.49188019,0.39939368,0.44563694,33.51917,-117.62372,NA,NA,NA,NA,NA,NA,NA,0,0,0,0,0,0,0,0,0,0,NA,45.04,NA,149,NA,NA,NA,NA
"141","902S01097","902S01097_05112009_BMI_RWB_1","5/11/09",1.29787326,0.80264027,1.05025676,33.48724,-117.25537,74,0.13,0.29,222,NA,NA,NA,3.7,0,1,0,0,5,0,0,129,0,222,8.26,0,190,29,0.01,0.83,6
"142","903M20235","903M20235_06122018_BMI_RWB_1","6/12/18",0.78813251,0.65973673,0.72393462,33.24759,-116.78551,1,-0.03,0.45,12,NA,NA,NA,4.1,0,0,0,0,0,0,0,0,0,1,19.99,0,0,1,-0.01,1.36,0
"143","903WE0798","903WE0798_05042016_BMI_RWB_1","5/4/16",1.01056442,0.77545445,0.89300943,33.33669,-116.82848,3,0.01,0.01,1,NA,NA,NA,-0.01,0,0,0,0,0,0,0,0,0,1,0.56,0,0,0,0.04,0.35,3
"144","903WE0900","903WE0900_05042016_BMI_RWB_1","5/4/16",1.23393264,0.82614786,1.03004025,33.33052,-116.81511,172,0,0.05,1,0,-0.11,0,-0.01,0,1,0,0,0,0,0,0,0,7,0.9,0.19,0,0,0.04,0.15,0
"145","905CE0512","905CE0512_04202004_BMI_RWB_1","4/20/04",1.22510636,0.94344596,1.08427616,33.11137,-116.74386,4,0.01,0.04,5,NA,NA,NA,0,0,0,0,0,0,0,0,0,0,34,0,-0.01,-29,-21,0.01,1.5,0
"146","905M21756","905M21756_05042017_BMI_RWB_1","5/4/17",0.96651634,0.44670785,0.70661209,33.05619,-117.04124,NA,NA,NA,72,NA,NA,NA,78.04,0,-147,0,0,4,0,0,70,0,-12,9.74,0.01,237,2,1.87,7.58,-1
"147","905S02561","905S02561_05252011_BMI_RWB_1","5/25/11",1.00161487,1.19546283,1.09853885,33.12974,-116.63591,17,0.08,1.5,5,0,0.23,0,0,0,14,0,0,3,0,0,0,0,21,0.77,0,0,26,2,1.88,15
"148","905WE0679","905WE0679_05042017_BMI_RWB_1","5/4/17",0.92801724,1.24502608,1.08652166,33.13163,-116.6544,4,0.07,1.5,5,0,0.22,0,0,0,4,-2,0,2,2,0,0,0,30,1.03,0,0,27,0.2,1.51,0
"149","905WE1018","905WE1018_06092015_BMI_RWB_1","6/9/15",0.96784781,0.44184056,0.70484419,33.12423,-116.68157,9,0.18,2.24,5,0,0.22,0,0,-1,3,-30,2,1,4,-1,0,30,34,0.72,0,0,26,0.2,1.5,0
"150","907M23330","907M23330_06092016_BMI_RWB_1","6/9/16",1.08504827,0.84298849,0.96401838,33.00358,-116.70228,NA,NA,NA,0,NA,NA,NA,0,0,10,10,0,1,1,0,0,0,0,0.14,0,0,0,0,-0.01,0
"151","907M23331","907M23331_06082016_BMI_RWB_1","6/8/16",0.86023158,0.68067171,0.77045165,32.84058,-116.90771,NA,NA,NA,135,NA,NA,NA,78.5,0,-190,0,0,3,2,0,241,334,-23,18.58,0,237,46,-0.26,-0.24,95
"152","907M23362","907M23362_05092017_BMI_RWB_1","5/9/17",0.92094118,0.98319826,0.95206972,32.9918,-116.71432,NA,NA,NA,NA,NA,NA,NA,0,NA,0,-364,NA,2,0,NA,155,0,NA,NA,NA,NA,NA,NA,NA,NA
"153","907M23367","907M23367_05292018_BMI_RWB_1","5/29/18",1.00799082,0.82843648,0.91821365,32.96335,-116.66364,38,0.4,0.16,0,NA,NA,NA,11.22,0,0,0,0,1,0,0,0,0,1,14.15,0,0,120,0,-0.96,0
"154","907S00577","907S00577_05122009_BMI_RWB_1","5/12/09",1.26180663,0.8564385,1.05912257,33.0767,-116.67455,26,0.09,1.31,19,NA,NA,NA,0,0,2,0,0,1,0,0,0,0.5,21,1.67,0.07,1,46,5.5,2.05,12
"155","907S01418","907S01418_05122009_BMI_RWB_1","5/12/09",1.28016597,1.16963302,1.2248995,32.99254,-116.71771,3,0,0,0,NA,NA,NA,0.58,0,2,1,0,5,1,0,125,0,45,1.69,0,0,1,0.01,0.01,0
"156","907S01434","907S01434_05132009_BMI_RWB_1","5/13/09",1.0880936,0.8580051,0.97304935,32.90475,-116.62501,4,0.01,0.2,5,0,0.22,0,0,0,0,0,0,0,1,43,0,43,30,0.09,0,2,8,0.21,1.5,0
"157","907S01610","907S01610_05042015_BMI_RWB_1","5/4/15",1.08364884,0.77737617,0.9305125,32.96675,-116.65275,54,0,-0.01,0,NA,NA,NA,0.86,0,0,0,0,2,0,0,121.5,0,2,2.74,0,1,108,0,0.06,0
"158","907S03210","907S03210_05182011_BMI_RWB_1","5/18/11",0.87816142,1.00570687,0.94193415,33.00312,-116.72918,NA,NA,NA,NA,NA,NA,NA,0,-360,0,0,2,0,0,193,0,0,NA,3.52,NA,182,NA,NA,NA,NA
"159","907S03786","907S03786_05302012_BMI_RWB_1","5/30/12",1.20517323,1.20699832,1.20608577,32.89421,-116.65844,4,0.01,0.2,27,-1,0.21,0,0,0,2,0,0,1,1,43,0,43,31,1.13,0,0,17,0.2,1.5,0
"160","909M24925","909M24925_05102016_BMI_RWB_1","5/10/16",1.07587691,0.59669067,0.83628379,32.83848,-116.63814,1,0.01,0.16,0,NA,NA,NA,7.87,0,-1,0,0,1,0,0,145,0,0,-0.06,0,0,0,0,21.42,1
"161","909M24937","909M24937_06222016_BMI_RWB_1","6/22/16",0.92231154,0.83076448,0.87653801,32.81935,-116.70775,NA,NA,NA,4,NA,NA,NA,7.46,0,-11,0,0,0,0,0,0,0,5,8.29,0,0,27,1.12,2.55,0
"162","909SSWR03","909SSWR03_04202009_BMI_RWB_1","4/20/09",0.77761683,1.00064442,0.88913062,32.83521,-116.62203,0,0,0,0,NA,NA,NA,0,0,0,1,0,0,0,0,0,0,0,0.91,0,0,2,0,-0.08,0
"163","909WE0662","909WE0662_06102019_BMI_RWB_1","6/10/19",0.9872586,0.63381972,0.81053916,32.89957,-116.58789,-2,0,0,0,NA,NA,NA,0,0,0,1,0,0,1,0,0,0,0,-0.01,0,0,2,2.11,0.1,0
"164","909WE0780","909WE0780_05152001_BMI_RWB_1","5/15/01",1.18991554,0.84993517,1.01992536,32.92981,-116.55901,NA,NA,NA,0,NA,NA,NA,0,0,0,-9,0,0,1,0,0,-3,0,0.3,0,0,0,0,0.17,6
"165","911M24934","911M24934_04042017_BMI_RWB_1","4/4/17",0.68475636,0.94089244,0.8128244,32.76761,-116.65057,NA,NA,NA,NA,NA,NA,NA,0,-33,0,0,1,0,0,135,0,0,NA,NA,NA,NA,NA,NA,NA,NA
"166","911M24949","911M24949_04112018_BMI_RWB_1","4/11/18",0.92510753,0.94477543,0.93494148,32.80946,-116.43979,NA,NA,NA,NA,NA,NA,NA,0,0,0,0,0,0,0,0,0,0,NA,NA,NA,NA,NA,NA,NA,NA
"167","911S00538","911S00538_05052009_BMI_RWB_1","5/5/09",1.18079619,0.92886087,1.05482853,32.78123,-116.63207,6,0.04,0.22,1,0,16.6,0,5.62,0,0,-1,1,2,1,0,126,40,2,5.44,0,82,1,0.17,3.1,3
"168","911S00858","911S00858_05092017_BMI_RWB_1","5/9/17",1.03707731,0.8747066,0.95589196,32.90282,-116.49337,NA,NA,NA,0,NA,NA,NA,0,-356,0,0,4,0,0,166,0,0,0,0.52,0,170,-7,0,0,7
"169","911S01142","911S01142_04192016_BMI_RWB_1","4/19/16",1.043975,0.75510049,0.89953775,32.73547,-116.65268,5,0.04,0.07,5,NA,NA,NA,13.29,0,-53,0,0,1,1,0,182.5,34,8,9.78,0,86,12,0.25,16.5,4
"170","911S01818","911S01818_05062009_BMI_RWB_1","5/6/09",1.1338377,0.97161437,1.05272603,32.86215,-116.52037,21,0.02,0.49,6,NA,NA,NA,0,0,2,0,0,1,0,0,0,4.5,6,4.75,0.02,64,89,3.08,0.49,9
"171","911S02058","911S02058_05052009_BMI_RWB_1","5/5/09",1.18913156,0.90379534,1.04646345,32.76142,-116.64257,7,0.04,0.35,7,NA,NA,NA,8.65,0,0,-3,0,2,0,0.5,169,1,3,5.53,0,82,2,0.28,5.36,2
"172","911S03354","911S03354_05052009_BMI_RWB_1","5/5/09",1.23616257,1.06459563,1.1503791,32.79112,-116.61677,NA,NA,NA,0,NA,NA,NA,0,-343,0,-334,5,0,6,166,0,166,0,15.49,0,170,6,0,0.44,-6
"173","911S04086","911S04086_05062009_BMI_RWB_1","5/6/09",0.98181077,0.74680691,0.86430884,32.67454,-116.57777,33,0.07,0.18,10,NA,NA,NA,4.56,0,1,-4,0,1,1,0,126,12.5,4,21.3,0,149,22,0.01,2.81,3
"174","LALT501","LALT501_07032018_BMI_RWB_1","7/3/18",0.78514768,0.52379135,0.65446951,34.08009,-118.22419,16,67.44,209.77,188,1,1882.48,-3,2879.42,-1,2,1,0,5,1,-1,44,4,20,2110.38,0.01,250,120,256.43,511.39,-3
"175","SGLT506","SGLT506_07022018_BMI_RWB_1","7/2/18",0.51148097,0.51768928,0.51458513,34.06173,-117.99129,188,0.27,18.41,122,6,395.32,-4,942.84,-1,0,1,-1,3,0,-1.5,14.5,0,122,1165.29,0.01,248,145,16.25,1955.37,0
"176","SGUR010","SGUR010_06272011_BMI_RWB_1","6/27/11",1.12038116,0.8412268,0.98080398,34.19498,-117.86114,10,0.24,0.15,9,0,6.75,0,-0.18,0,0,0,0,0,0,0,0,0,0,15.49,0.01,33,0,2.57,9.91,8
"177","SGUR103","SGUR103_05152014_BMI_RWB_1","5/15/14",1.34085153,0.83116748,1.0860095,34.23218,-118.05822,1,0.01,0.22,43,1,-0.13,0,-0.03,0,0,1,0,0,1,0,0,0,44,0.61,0,0,6,0.16,2.33,1
"178","SGUT501","SGUT501_07052016_BMI_RWB_1","7/5/16",1.30974948,1.06056457,1.18515703,34.2408,-117.8833,56,0.11,0.26,7,NA,NA,NA,0,0,6,0,0,3,0,0,0,0,17,3.99,0.01,11,11,0.03,0.59,1
"179","SGUT502","SGUT502_06092016_BMI_RWB_1","6/9/16",0.40431592,0.61935232,0.51183412,34.2283,-117.76593,1,0,0,0,NA,NA,NA,0.58,0,0,0,0,1,0,0,17.5,0,0,3.11,0,160,0,0.07,0.41,1
"180","SGUT503","SGUT503_07112016_BMI_RWB_1","7/11/16",1.11199092,0.99119782,1.05159437,34.29216,-117.83856,0,0,0,1,NA,NA,NA,0,1,1,1,0,0,1,0,0,0,1,0.1,0,0,1,0.39,0.31,0
"181","SGUT504","SGUT504_07072016_BMI_RWB_1","7/7/16",1.0567298,0.70185628,0.87929304,34.2377,-117.8203,4,0.29,0.64,13,8,0.63,0,0.35,0,1,0,0,2,1,0,6,0,27,3,0.01,42,44,0.46,0.7,2
"182","SGUT505","SGUT505_06262014_BMI_RWB_1","6/26/14",0.91445196,0.63870126,0.77657661,34.16939,-117.88932,0,0,0,0,NA,NA,NA,-0.06,0,0,0,0,0,0,0,0,0,0,4.84,0,0,0,4.35,5.03,0
"183","SMC00080","SMC00080_06062012_BMI_RWB_MCM_1","6/6/12",0.85453806,0.75984062,0.80718934,34.32909,-118.08188,44,0.08,0.8,2,NA,NA,NA,0,0,16,-1,0,0,1,0,0,22,1,0.1,0,11,11,0,0,1
"184","SMC00105","SMC00105_04122017_BMI_RWB_1","4/12/17",0.93219507,0.66263644,0.79741575,33.74651,-117.58423,NA,NA,NA,0,NA,NA,NA,0,0,0,-13,0,0,3,0,0,-4,0,0.15,0,0,0,0,0.16,11
"185","SMC00198","SMC00198_07092014_BMI_RWB_1","7/9/14",0.97324705,0.65625936,0.81475321,32.93709,-117.13851,148,-0.04,0.28,86,1,21.8,-9,160.43,0,0,0,1,8,2,0,329,0,44,168.68,0.13,237,110,0,0,0
"186","SMC00271","SMC00271_06252018_BMI_RWB_1","6/25/18",1.06833621,0.88872797,0.97853209,34.5485,-119.16547,1,0,0,0,1,0,0,0.01,0,0,0,0,0,0,0,0,0,0,0.09,0,0,0,0.36,0.02,1
"187","SMC00282","SMC00282_06092009_BMI_RWB_1","6/9/09",1.15106251,0.81032509,0.9806938,32.8718,-116.61357,0,0,0,1,NA,NA,NA,0.38,0,0,0,0,1,0,0,23.5,0,1,0.36,0,0,1,0,0,0
"188","SMC00288","SMC00288_06042014_BMI_RWB_1","6/4/14",0.68350335,0.52783324,0.6056683,34.13118,-117.76,-4,0,0.01,96,NA,NA,NA,3.28,0,0,0,0,3,0,0,53,1,96,5.96,0,77,112,0.08,0.44,11
"189","SMC00318","SMC00318_06152010_BMI_RWB_1","6/15/10",0.50659424,0.25220035,0.3793973,33.81287,-118.20558,209,-0.01,0.95,134,NA,NA,NA,4837.7,0,-7,0,0,3,0,0,40.5,0,115,5211.8,0.03,249,102,0,34.34,0
"190","SMC00382","SMC00382_06212018_BMI_RWB_1","6/21/18",0.39645478,0.30883195,0.35264336,34.04437,-117.99413,22,0,0.03,80,NA,NA,NA,8.96,-91,1,-1,7,6,7,47,85,48,12,9.49,0.02,112,130,3.5,2.08,20
"191","SMC00428","SMC00428_06012016_BMI_RWB_1","6/1/16",1.03589939,0.80367303,0.91978621,34.2481,-118.04976,22,0.2,0.36,6,-4,-0.97,-44,0.92,0,-96,-97,0,2,2,0,103,103,17,2.2,0.05,63,66,0.78,4.77,26
"192","SMC00436","SMC00436_05312017_BMI_RWB_1","5/31/17",0.72958736,0.49112596,0.61035666,34.149,-118.27863,222,3.29,60.9,140,2,4081.42,0,2257.62,0,-3,0,0,4,0,0,60.5,0,140,2430.48,0.09,249,76,0,41.62,-1
"193","SMC00464","SMC00464_06042014_BMI_RWB_1","6/4/14",1.11154985,0.76085623,0.93620304,34.24152,-117.86683,57,0.11,0.6,8,NA,NA,NA,-0.01,0,8,0,0,1,0,0,0,0,1,4.88,0.03,33,33,0.01,0.38,1
"194","SMC00476","SMC00476_06082009_BMI_RWB_1","6/8/09",1.26937981,1.01520689,1.14229335,34.24209,-118.13381,28,0.1,0.9,4,NA,NA,NA,0,0,10,5,0,0,0,0,0,0,4,0,0.03,16,4,0.9,1.8,28
"195","SMC00479","SMC00479_07132011_BMI_RWB_1","7/13/11",0.60644694,0.39761767,0.50203231,34.2634,-119.24095,64,0.01,0.07,35,-4,14.25,-6,13.36,0,2,0,0,5,0,0,94,0,36,19.56,0,115,123,0,0.63,8
"196","SMC00480","SMC00480_07022018_BMI_RWB_1","7/2/18",1.06256675,0.88517182,0.97386928,34.23434,-117.73155,0,0,0,0,NA,NA,NA,0,0,0,3,0,0,2,0,1,0.5,0,0.42,0,168,0,0.01,0.05,0
"197","SMC00520","SMC00520_06142017_BMI_RWB_1","6/14/17",0.8845536,0.67421387,0.77938373,34.29626,-118.28252,7,0.06,0.38,0,0,4.98,-1,3.57,0,0,0,0,1,0,0,36,0,1,5.34,0,0,8,2.33,0.92,1
"198","SMC00544","SMC00544_06222011_BMI_RWB_1","6/22/11",1.18438084,0.98677618,1.08557851,34.14677,-117.74153,72,0.01,0.01,1,-9,-0.07,0,0.02,0,0,0,0,1,0,0,15,0,1,0.38,0,0,8,0.06,0.07,2
"199","SMC00608","SMC00608_06272018_BMI_RWB_1","6/27/18",0.50749558,0.39259579,0.45004569,34.12344,-117.90223,90,2.47,8.67,29,1,152.08,0,75.17,-1,1,0,1,2,0,12.5,13,8,-5,174.48,0,126,163,33.7,4.97,2
"200","SMC00632","SMC00632_06132011_BMI_RWB_1","6/13/11",0.56409891,0.41666899,0.49038395,34.14874,-118.55604,55,0.03,0.05,31,16,0.42,-14,7.58,0,0,0,0,3,0,0,15,0,19,8.11,0.04,76,97,1.34,1.7,12
"201","SMC00684","SMC00684_06272011_BMI_RWB_1","6/27/11",0.44435759,0.42906154,0.43670957,34.09698,-118.02373,49,0.05,0.42,137,-4,37.98,-3,96.33,-70,1,-8,5,4,4,26.5,40,26,59,67.85,0.02,113,131,22.25,111.07,-2
"202","SMC00710","SMC00710_05192009_BMI_RWB_1","5/19/09",0.78953594,0.5304247,0.65998032,32.88934,-117.20028,-41,0,-0.01,147,1,104.69,-7,89.25,-24,-336,-12,2,12,3,-21.5,233,95,2,750.8,0,142,137,0,1.65,-1
"203","SMC00748","SMC00748_06212011_BMI_RWB_1","6/21/11",0.23429339,0.31867358,0.27648349,34.07548,-118.0788,29,0.25,1.22,67,-2,182.89,-3,323.34,1,0,0,1,3,5,22,94,25.5,27,213.22,0.91,203,108,6.53,26.61,-2
"204","SMC00827","SMC00827_06152009_BMI_RWB_1","6/15/09",1.24870745,0.78695006,1.01782875,34.55734,-119.18833,2,0.12,0.11,6,0,5.24,0,3.47,0,0,0,0,0,0,0,0,0,1,6.44,0.02,0,1,0.21,1.33,1
"205","SMC00873","SMC00873_04122017_BMI_RWB_1","4/12/17",0.73483131,0.38448802,0.55965967,33.59849,-117.62668,20,0.12,0.44,140,2,8.24,-47,47.54,0,-25,0,0,8,0,0,85,8,57,64.96,0.87,151,148,1.46,1.33,3
"206","SMC00899","SMC00899_07122011_BMI_RWB_1","7/12/11",0.3389655,0.29779591,0.3183807,33.71747,-117.7888,158,-0.12,-0.1,109,NA,NA,NA,75.26,-121,-149,-202,0,6,1,-64,142,-3,-20,54.35,0,201,117,0,-0.23,75
"207","SMC00911","SMC00911_06042009_BMI_RWB_1","6/4/09",1.2731145,0.72741732,1.00026591,34.50797,-119.29854,1,0.01,0.04,0,0,0.57,0,0.46,0,0,0,0,0,0,0,0,0,0,0.3,0,8,0,0.04,0.39,1
"208","SMC00924","SMC00924_05242017_BMI_RWB_1","5/24/17",0.90842002,0.9201868,0.91430341,34.22394,-118.18053,50,0.16,0.36,6,-1,0.33,0,2.14,0,-88,-96,0,6,3,0,64,51.5,125,2.66,0.08,126,124,2.66,1.6,28
"209","SMC00957","SMC00957_06212010_BMI_RWB_1","6/21/10",0.94796634,0.61961235,0.78378935,33.96195,-117.37075,183,0.03,0.24,112,-5,317.69,0,114.99,1,-196,1,1,4,1,0,163.5,0,112,318.35,0,173,71,0.11,0.33,0
"210","SMC00958","SMC00958_07192011_BMI_RWB_1","7/19/11",0.20542871,0.28885329,0.247141,33.82532,-117.99894,61,0.02,1.35,61,NA,NA,NA,80.14,0,1,0,0,1,0,0,24,0,50,106.63,0.11,81,140,0.06,0.46,-2
"211","SMC01040","SMC01040_06092009_BMI_RWB_1","6/9/09",1.30834475,1.07874941,1.19354708,34.30553,-118.15792,10,0.04,0.2,1,0,0.41,0,-0.06,0,1,0,0,0,0,0,1,0,2,0.9,0,0,1,2.83,0.64,11
"212","SMC01046","SMC01046_05212009_BMI_RWB_1","5/21/09",0.78454047,0.50950066,0.64702057,32.79509,-117.18494,26,0,0.6,45,5,22.77,-1,84.07,-2,-3,1,0,6,1,0,0,25,20,135.73,0.58,92,98,3.8,2.84,3
"213","SMC01096","SMC01096_06142016_BMI_RWB_1","6/14/16",0.84594559,0.67925694,0.76260127,34.28465,-118.29343,4,0.06,0.4,1,0,5.75,-1,3.54,0,-1,1,0,1,0,0,36,0,1,6.66,0,2,3,3.31,4.7,1
"214","SMC01155","SMC01155_05122009_BMI_RWB_1","5/12/09",1.22660656,0.76985381,0.99823018,33.7606,-117.67949,6,0.12,0.16,28,0,0.01,-1,-0.01,0,1,0,0,0,0,0,0,0,1,7.32,0,197,63,2.11,3.32,0
"215","SMC01161","SMC01161_05272010_BMI_RWB_1","5/27/10",1.27034609,0.71096849,0.99065729,33.44661,-117.25532,43,0.16,0.32,115,NA,NA,NA,2.86,0,1,0,0,4,0,0,129,0,115,11.41,0.01,190,26,0.02,0.6,2
"216","SMC01172","SMC01172_06242009_BMI_RWB_1","6/24/09",0.86392761,0.7613027,0.81261515,34.0816,-118.85826,58,0.02,0.48,59,NA,NA,NA,0.01,0,2,0,0,4,0,0,26,0,98,1.67,0.01,9,33,0.5,1.1,5
"217","SMC01196","SMC01196_07142010_BMI_RWB_1","7/14/10",0.84910302,0.69643069,0.77276685,34.27835,-118.02952,NA,NA,NA,0,NA,NA,NA,0,0,2,0,0,0,0,0,0,0,0,1.15,0,0,1,0,0.29,13
"218","SMC01215","SMC01215_07132011_BMI_RWB_1","7/13/11",1.07981054,0.65482538,0.86731796,34.33968,-119.06784,6,24.88,45.4,95,2,765.84,0,462.83,0,0,0,0,0,0,0,0,0,91,626.09,0.03,207,16,125.96,89.64,0
"219","SMC01248","SMC01248_07262011_BMI_RWB_1","7/26/11",1.20295675,0.9416474,1.07230208,34.25895,-117.74499,0,0,0,0,NA,NA,NA,0.75,0,0,0,0,5,0,0,156,0,0,2.49,0,168,2,0,0.6,0
"220","SMC01257","SMC01257_06162011_BMI_RWB_1","6/16/11",0.8785796,0.48710971,0.68284466,33.60842,-117.61859,75,0.03,0.45,125,-5,8.4,-47,47.07,0,1,0,0,8,0,37,74.5,7.5,58,66.49,0,123,124,1.16,1.37,-3
"221","SMC01260","SMC01260_07162012_BMI_RWB_1","7/16/12",0.59636896,0.42371882,0.51004389,34.06502,-117.97473,226,0.16,10.99,124,6,275.7,-4,879.39,0,1,0,0,4,0,0,16,0,124,8666.67,0.02,248,122,0.49,5.07,0
"222","SMC01320","SMC01320_06072010_BMI_RWB_1","6/7/10",0.7722652,0.43048171,0.60137346,34.29856,-118.25082,1,0.02,0.17,0,1,2.72,0,0.28,0,1,0,0,0,1,0,0,63.5,38,13.75,0,0,4,0.58,2.36,0
"223","SMC01341","SMC01341_06222009_BMI_RWB_1","6/22/09",0.33663512,0.36124504,0.34894008,33.94614,-117.5621,NA,NA,NA,83,NA,NA,NA,3013.98,NA,-254,-1,NA,6,-1,NA,44,17.5,NA,NA,NA,NA,NA,NA,NA,-2
"224","SMC01358","SMC01358_06212011_BMI_RWB_1","6/21/11",0.51395308,0.27796493,0.39595901,33.90965,-118.24673,48,0.01,0.16,28,NA,NA,NA,15.32,0,2,-11,0,6,-1,0,43.5,-16,4,18.46,0,122,168,0,0.37,3
"225","SMC01413","SMC01413_07092012_BMI_RWB_1","7/9/12",1.00263957,0.88071249,0.94167603,33.30552,-116.80627,NA,NA,NA,0,0,0,0,0,0,0,0,0,0,0,0,0,0,0,0,0,0,0,0,0,0
"226","SMC01424","SMC01424_07012009_BMI_RWB_1","7/1/09",0.80009541,0.90198083,0.85103812,34.24075,-117.81585,0,0,0,0,NA,NA,NA,-0.01,0,0,0,0,0,0,0,0,0,2,2.73,0,163,0,0,2.26,0
"227","SMC01452","SMC01452_07152010_BMI_RWB_1","7/15/10",0.43924677,0.34387936,0.39156307,34.09095,-118.06675,NA,NA,NA,57,NA,NA,NA,7.74,-19,0,-32,10,5,8,36,59,26,4,8.5,0.16,134,144,1.87,5.16,13
"228","SMC01454","SMC01454_07162012_BMI_RWB_1","7/16/12",0.8650202,0.57989917,0.72245968,33.95504,-117.86127,31,0.03,0.5,37,-5,27.71,-3,56.71,0,0,1,0,4,1,1,107,0,-1,104.76,0.02,126,123,0,8.22,3
"229","SMC01504","SMC01504_06282011_BMI_RWB_1","6/28/11",0.89372278,0.89703759,0.89538019,34.25327,-117.71385,0,0,0,0,NA,NA,NA,0,0,0,0,0,0,0,0,0,0,0,0,0,0,0,0,0,0
"230","SMC01544","SMC01544_06142016_BMI_RWB_1","6/14/16",1.0232998,0.66225542,0.84277761,34.29729,-118.24843,2,0.02,0.17,2,1,2.75,0,0.29,0,1,-1,0,0,0,0,0,3,20,9.25,0,0,4,0.05,2.58,0
"231","SMC01550","SMC01550_06252009_BMI_RWB_1","6/25/09",0.64799035,0.64148822,0.64473928,34.05626,-118.84901,58,0.02,0.46,59,NA,NA,NA,0.11,0,0,1,0,3,0,0,33.5,0,62,1.66,0.01,9,39,0.88,1.1,5
"232","SMC01567","SMC01567_06092010_BMI_RWB_1","6/9/10",0.92940467,0.38983584,0.65962025,34.50959,-119.38373,0,0,0,2,NA,NA,NA,0,0,0,0,0,0,0,0,0,0,2,0.15,0,17,0,0.09,0.13,0
"233","SMC01606","SMC01606_05262009_BMI_RWB_1","5/26/09",0.89393933,0.51186241,0.70290087,32.84198,-117.23481,183,-0.03,0.22,66,1,50.51,-8,27.34,-5,4,-4,1,11,3,2,259.5,333,-4,100.17,0,237,106,-0.3,-0.27,-1
"234","SMC01640","SMC01640_07082019_BMI_RWB_1","7/8/19",0.58790691,0.6285063,0.6082066,34.15335,-118.69679,NA,NA,NA,NA,NA,NA,NA,0,-359,0,0,0,0,0,161,0,0,NA,19.95,NA,166,NA,NA,NA,NA
"235","SMC01656","SMC01656_06062012_BMI_RWB_1","6/6/12",0.8489048,0.53549199,0.69219839,34.15633,-118.53627,57,0.03,3.41,-3,17,6.06,-4,21.56,0,0,0,0,1,0,0,23.5,1,1,121.16,0,65,93,0.19,3.63,40
"236","SMC01662","SMC01662_07092012_BMI_RWB_1","7/9/12",0.70428368,0.4520958,0.57818974,33.9248,-117.95665,39,0.06,0.67,60,-19,5.08,-30,139.59,0,0,1,0,2,1,0,74,0,63,162,0,81,146,0,5.41,-5
"237","SMC01692","SMC01692_06202011_BMI_RWB_1","6/20/11",0.98409086,0.62351203,0.80380144,34.19798,-118.16972,NA,NA,NA,0,NA,NA,NA,0,1,0,-319,0,0,7,0,0,226,0,12.25,0,153,7,0,0,0
"238","SMC01694","SMC01694_06282010_BMI_RWB_1","6/28/10",0.35812668,0.42016909,0.38914789,33.92,-117.90272,69,0.03,0.71,104,NA,NA,NA,53.59,0,-23,-27,0,6,4,0,119,42,98,128.18,0.2,73,96,0.48,10.62,9
"239","SMC01726","SMC01726_06302010_BMI_RWB_1","6/30/10",0.6683719,0.51140875,0.58989032,33.86351,-117.98816,222,-0.15,0.55,95,NA,NA,NA,667.48,1,0,0,1,2,0,0,0,30,94,1596.14,0.16,237,75,-0.2,-0.1,-1
"240","SMC01748","SMC01748_05212014_BMI_RWB_1","5/21/14",0.74743873,0.63704813,0.69224343,34.28747,-118.82744,6,0.47,6.71,21,1,95.19,-15,268.21,0,-11,0,1,5,1,5,37.5,59,24,281.66,0,75,167,42.23,67.82,-3
"241","SMC01772","SMC01772_07112012_BMI_RWB_1","7/11/12",0.67352333,0.51898804,0.59625569,34.11001,-118.1228,27,0,0.02,28,1,1.71,-13,5.43,-12,0,-14,0,5,1,0,42,20.5,-3,15.39,0.01,113,118,0.05,0.6,6
"242","SMC01808","SMC01808_06132011_BMI_RWB_1","6/13/11",0.93471678,0.68979277,0.81225478,34.3094,-118.07316,1,0,0,0,NA,NA,NA,0,0,12,0,0,3,0,0,1,0,0,1.94,0,181,0,0.17,0.12,1
"243","SMC01860","SMC01860_05282009_BMI_RWB_1","5/28/09",0.64311282,0.50989025,0.57650154,34.224,-118.97911,225,-0.04,-0.06,164,NA,NA,NA,252.53,-207,-352,-212,3,6,4,18,205.5,-6,-37,338.23,0,237,52,0,4.09,31
"244","SMC01912","SMC01912_07122012_BMI_RWB_1","7/12/12",0.39806072,0.39057908,0.3943199,34.23429,-118.60295,69,0,0.04,37,NA,NA,NA,5.21,0,1,0,0,4,0,0,15.5,0,-27,4.52,0.02,98,117,0.02,0.08,63
"245","SMC01934","SMC01934_06152012_BMI_RWB_1","6/15/12",0.69113914,0.44541211,0.56827563,33.49,-117.66595,12,1.79,36.62,53,NA,NA,NA,240.68,-22,-13,-1,0,8,0,0,156,15.5,-2,239.71,0,103,153,114,86.88,-2
"246","SMC01960","SMC01960_05212014_BMI_RWB_1","5/21/14",0.63499858,0.53327317,0.58413588,34.26554,-118.75916,4,0.28,2.58,4,NA,NA,NA,115.98,0,0,0,0,6,0,20,43.5,0,-2,82.02,0,75,143,22.8,33.06,-1
"247","SMC01987","SMC01987_06152012_BMI_RWB_MCM_1","6/15/12",1.08178093,0.56113256,0.82145675,33.59028,-117.71185,-57,0.05,-0.03,44,1,2.41,-28,94.75,-6,0,-33,1,7,2,16,188,34,1,117.79,0,91,149,1.06,2.29,-4
"248","SMC01990","SMC01990_07082014_BMI_RWB_1","7/8/14",0.72895302,0.59788416,0.66341859,32.79653,-117.11327,214,-0.4,-0.7,96,0,25.35,-8,30.11,-3,-54,-5,1,9,3,23,151,6,14,75.82,0.03,237,132,0,0,-1
"249","SMC02028","SMC02028_07122012_BMI_RWB_1","7/12/12",0.8052997,0.53114098,0.66822034,34.12868,-118.16553,14,2.4,1.25,21,3,278.73,-1,59.63,-9,2,-25,2,7,1,11,51.5,7.5,20,87.45,0.02,112,168,2.32,38.83,-1
"250","SMC02075","SMC02075_07172012_BMI_RWB_MCM_1","7/17/12",0.91405806,0.78069075,0.84737441,34.6719,-119.03758,0,0,0,0,NA,NA,NA,0.1,0,0,0,0,1,0,0,118,0,0,0,0,0,0,0.1,0.01,0
"251","SMC02088","SMC02088_06182018_BMI_RWB_1","6/18/18",1.10049897,0.77230682,0.9364029,34.30226,-118.25959,70,1.15,0.57,7,1,9.39,3,7.8,0,-87,-94,0,5,4,0,76,88,20,11.27,0.08,54,48,2.3,1.6,28
"252","SMC02092","SMC02092_06182018_BMI_RWB_1","6/18/18",1.27891558,0.75326017,1.01608787,34.27948,-118.20684,NA,NA,NA,0,NA,NA,NA,0,0,0,2,0,0,1,0,0,0,0,6.05,0,0,1,0.01,0.36,0
"253","SMC02139","SMC02139_07172012_BMI_RWB_1","7/17/12",1.15967782,1.05087864,1.10527823,34.6714,-119.01717,0,0,0,0,NA,NA,NA,0.03,0,0,0,0,0,0,0,118,0,0,0,0,0,0,0.04,0.01,0
"254","SMC02152","SMC02152_07142010_BMI_RWB_1","7/14/10",0.61926361,0.54884563,0.58405462,34.09801,-118.7217,95,0.04,3.63,85,NA,NA,NA,198.46,1,-25,-27,0,6,4,0,96,34,85,292.2,0.14,114,162,2.73,31.1,26
"255","SMC02206","SMC02206_07192011_BMI_RWB_1","7/19/11",0.56476926,0.45802702,0.51139814,33.87098,-117.85002,85,0.12,1.72,55,-1,62.46,-1,28.12,-2,-1,-21,3,10,6,50.5,57,120,-9,35.25,0.22,122,147,0.49,0.24,1
"256","SMC02228","SMC02228_06232009_BMI_RWB_1","6/23/09",0.8439972,0.51336926,0.67868323,34.06933,-118.22427,210,3.45,9.34,156,0,-2294.04,-9,4471.13,0,0,0,0,0,0,16,15.5,1,136,4000.69,0.11,250,121,11.2,-3.11,0
"257","SMC02270","SMC02270_06302010_BMI_RWB_1","6/30/10",0.82903051,0.44125561,0.63514306,33.79573,-117.77241,118,0,0.05,87,NA,NA,NA,0.46,0,-310,1,0,18,1,0,163,26.5,75,3.24,0.34,76,86,0.06,0.19,72
"258","SMC02302","SMC02302_07152013_BMI_RWB_1","7/15/13",0.12843705,0.26301733,0.19572719,33.8153,-118.04128,91,0.03,0.62,70,NA,NA,NA,101.7,-60,-140,1,5,6,4,42,74,67,-12,145.82,0.26,170,184,0.88,1.81,-6
"259","SMC02436","SMC02436_05282009_BMI_RWB_1","5/28/09",0.76269697,0.45728792,0.60999244,34.26279,-118.97199,213,0.09,0.13,165,NA,NA,NA,310.35,-211,-349,-216,1,6,5,21.5,179,17.5,-72,582.61,0,237,71,12.77,9.5,31
"260","SMC02536","SMC02536_06292011_BMI_RWB_1","6/29/11",0.67000537,0.53014507,0.60007522,34.26861,-118.6736,51,0.02,0.71,70,NA,NA,NA,20.31,0,-27,1,0,5,0,0,47,0,71,86.23,0.16,64,60,2.72,2.2,10
"261","SMC02568","SMC02568_08022018_BMI_RWB_1","8/2/18",1.235406,0.94169206,1.08854903,34.27866,-118.22031,13,0.51,3.73,24,NA,NA,NA,0,0,31,6,0,2,4,0,50,0,33,6.5,0.1,0,8,1.5,2.44,1
"262","SMC02591","SMC02591_07212011_BMI_RWB_1","7/21/11",0.97568934,0.89486457,0.93527696,34.51783,-119.37846,0,0,0,0,NA,NA,NA,0,0,0,0,0,0,0,0,0,0,0,0,0,0,0,0.28,0,2
"263","SMC02712","SMC02712_06072012_BMI_RWB_1","6/7/12",1.25105429,0.72745528,0.98925479,34.36179,-118.30348,46,0.09,0.17,2,NA,NA,NA,0,-1,3,0,0,1,0,10,0,0,1,0.5,0.01,7,6,0,0.28,1
"264","SMC02884","SMC02884_05272014_BMI_RWB_1","5/27/14",0.74282499,0.54651641,0.6446707,34.21749,-118.98533,225,-0.04,-0.05,163,NA,NA,NA,357.27,-212,-35,-210,1,5,3,21,124.5,18,-36,350.54,0,237,51,0,4.73,31
"265","SMC02902","SMC02902_08022011_BMI_RWB_1","8/2/11",1.00892269,0.5428412,0.77588195,32.94907,-117.06443,186,0.35,1.1,85,1,21.35,-9,67.94,0,1,-11,0,8,3,37.5,329,0,86,76.65,0.12,237,153,0,0,0
"266","SMC02972","SMC02972_07182012_BMI_RWB_1","7/18/12",1.19086766,0.94344805,1.06715785,34.24957,-118.0755,1,0.2,0.01,7,NA,NA,NA,0,0,4,2,0,0,0,0,0,0,7,0.75,0.43,80,79,0,1.6,2
"267","SMC02984","SMC02984_06232010_BMI_RWB_1","6/23/10",0.5736453,0.51334848,0.54349689,34.26528,-118.75053,61,0.02,3.54,70,NA,NA,NA,175.63,1,-27,0,1,4,0,21,47,0,71,315.82,0.16,64,119,1,9.49,14
"268","SMC03011","SMC03011_06132013_BMI_RWB_1","6/13/13",0.78270125,0.50231064,0.64250594,33.6145,-117.6955,41,0.05,0.45,51,NA,NA,NA,80.61,1,0,-23,1,6,1,-3,64,2,-1,47.16,0,104,153,6.78,6.22,-4
"269","SMC03216","SMC03216_07272011_BMI_RWB_1","7/27/11",0.98151736,0.95047688,0.96599712,34.28092,-117.84093,2,0,0.01,4,NA,NA,NA,-0.02,0,1,0,0,1,0,0,35,0,4,1.92,0,0,1,0.02,0.11,0
"270","SMC03268","SMC03268_05272014_BMI_RWB_1","5/27/14",0.70731384,0.52491091,0.61611238,34.16255,-119.06301,222,2.96,10.65,160,NA,NA,NA,458.31,-213,-351,-223,1,5,2,20.5,177,-1,-62,1204.95,0,237,76,19.17,28.37,39
"271","SMC03280","SMC03280_08112011_BMI_RWB_1","8/11/11",0.8876003,0.95729659,0.92244845,34.25685,-117.85652,1,0,0.01,6,-7,2.52,0,0.03,0,0,0,0,2,0,0,8,0,6,2.39,0,1,2,1,0.15,0
"272","SMC03304","SMC03304_06292011_BMI_RWB_1","6/29/11",0.67124048,0.5125945,0.59191749,34.28829,-118.72312,NA,NA,NA,NA,NA,NA,NA,0,-361,0,-360,1,0,3,161,0,165.5,NA,12.24,NA,176,NA,NA,NA,NA
"273","SMC03438","SMC03438_07022012_BMI_RWB_1","7/2/12",1.01601966,0.63432898,0.82517432,33.93708,-117.79252,57,0.02,0.46,58,NA,NA,NA,7.29,0,-26,0,0,5,0,0,26,0,87,11.27,0.01,62,62,0.49,1.1,5
"274","SMC03523","SMC03523_06112013_BMI_RWB_MCM_1","6/11/13",0.72603365,0.44433776,0.5851857,33.58478,-117.66437,23,0.03,0.33,51,-8,-2.41,-63,64.45,0,2,-2,0,9,0,0,68.5,-4.5,54,99.21,0,86,112,1.34,1.19,-4
"275","SMC03944","SMC03944_07122010_BMI_RWB_1","7/12/10",0.44491679,0.40584806,0.42538242,34.14271,-118.75016,40,0.02,0.54,54,NA,NA,NA,5.87,0,-17,-27,0,4,3,0,26.5,47,50,19.89,0.16,64,70,1.49,1.1,6
"276","SMC03984","SMC03984_07022018_BMI_RWB_1","7/2/18",1.1624198,0.98248705,1.07245343,34.24613,-117.90186,19,0.03,0.58,0,0,0.01,0,-0.03,0,0,0,0,0,0,0,0,0,0,2.52,0,0,1,0.09,0.11,0
"277","SMC04000","SMC04000_07302012_BMI_RWB_1","7/30/12",1.31439109,0.75747037,1.03593073,34.23282,-117.74777,1,0.01,0.01,1,NA,NA,NA,-0.01,0,0,0,0,0,0,0,0,0,1,12.55,0.01,0,1,0.19,0.2,0
"278","SMC04008","SMC04008_06192012_BMI_RWB_1","6/19/12",1.11015265,0.65292474,0.8815387,34.28342,-118.80803,23,0.29,3.92,17,0,101.59,-61,238.77,0,-11,1,1,5,1,59,40,29.5,16,232.63,0,93,169,12.35,47.29,-3
"279","SMC04134","SMC04134_07262011_BMI_RWB_1","7/26/11",0.86183352,0.67833534,0.77008443,32.82874,-117.05243,NA,NA,NA,0,NA,NA,NA,0,0,0,0,0,0,0,0,0,0,0,2176.16,0,0,0,0,0,0
"280","SMC04175","SMC04175_06112009_BMI_RWB_1","6/11/09",0.95088295,0.82403481,0.88745888,34.40835,-119.27642,56,0.66,1.34,157,NA,NA,NA,36.52,0,0,0,0,0,0,0,18.5,0,157,48.78,0,199,57,0.1,1.81,9
"281","SMC04204","SMC04204_07112012_BMI_RWB_1","7/11/12",1.20064581,0.7258856,0.96326571,34.20358,-118.01853,18,0.8,1.42,6,NA,NA,NA,0.27,0,-64,0,0,3,0,0,93,0,8,0.67,0,59,84,0.49,0.37,3
"282","SMC04239","SMC04239_06112009_BMI_RWB_1","6/11/09",1.05528319,0.68769548,0.87148934,34.3608,-119.31114,15,1.02,2.04,150,NA,NA,NA,39.45,0,0,0,0,0,0,0,0,0,150,153.17,0,199,10,1.8,8.41,3
"283","SMC04264","SMC04264_07092010_BMI_RWB_1","7/9/10",0.56215127,0.52688053,0.5445159,34.13,-118.7548,31,0.08,1.16,18,NA,NA,NA,92.67,-20,-11,0,0,7,0,-4.5,39.5,0,11,74.3,0,93,182,5.79,10.65,-1
"284","SMC04294","SMC04294_07112013_BMI_RWB_1","7/11/13",1.05454853,0.65587449,0.85521151,32.93776,-117.14172,148,-0.04,0.28,84,0,23.64,-9,161.81,0,0,-1,1,8,2,0,329,0,42,170.16,0.13,237,110,0,0,0
"285","SMC04308","SMC04308_06172009_BMI_RWB_1","6/17/09",1.01694941,0.56802958,0.79248949,34.19349,-118.9083,176,0.09,0.27,141,NA,NA,NA,125,0,-7,0,0,5,0,0,176,0,141,461.94,0.07,205,117,0,-0.11,-2
"286","SMC04383","SMC04383_05192014_BMI_RWB_1","5/19/14",0.97379819,0.63052672,0.80216245,34.50224,-119.35602,10,0,0,2,NA,NA,NA,0,0,0,0,0,0,0,0,0,0,2,0.39,0,17,0,0.28,0.32,10
"287","SMC04426","SMC04426_07252011_BMI_RWB_1","7/25/11",0.76693639,0.90395482,0.83544561,33.00696,-116.66995,0,0,0,0,0,0.32,0,0.53,0,1,0,0,4,0,0,119,0,3,2.05,0,0,0,0,0.12,0
"288","SMC04682","SMC04682_07252011_BMI_RWB_1","7/25/11",1.20418944,1.1006195,1.15240447,32.97115,-116.64814,NA,NA,NA,0,NA,NA,NA,0,0,0,-9,0,0,2,0,0,-3.5,0,0.65,0,0,2,0,0.27,0
"289","SMC04749","SMC04749_06232009_BMI_RWB_1","6/23/09",0.63519592,0.59210016,0.61364804,33.85826,-117.21321,120,0.15,0.51,133,-6,-18.74,-12,59.54,0,-1,0,0,8,0,0,150,0,134,113.46,0.01,216,57,0,2.4,8
"290","SMC04750","SMC04750_07052011_BMI_RWB_1","7/5/11",1.18630752,0.82384953,1.00507852,34.041,-118.58149,11,0.72,6.65,61,NA,NA,NA,10.16,0,-11,0,0,4,1,0,78,20.5,63,183,0.13,76,81,2.2,61.76,5
"291","SMC04756","SMC04756_05212014_BMI_RWB_1","5/21/14",0.7679303,0.5397062,0.65381825,34.27092,-118.9269,223,0.03,0.04,155,NA,NA,NA,226.53,-215,-352,-228,2,5,2,-1,177,-1,-59,521.76,0,237,75,2.23,27.54,34
"292","SMC04806","SMC04806_07112013_BMI_RWB_1","7/11/13",0.91814426,0.61667709,0.76741067,32.89036,-117.19358,-124,0,-0.06,154,7,114.9,-9,100.74,-29,-337,-13,2,13,4,-21.5,241.5,104.5,19,839,0.03,142,165,0,0.81,9
"293","SMC04880","SMC04880_06062012_BMI_RWB_1","6/6/12",1.21707806,0.76631724,0.99169765,34.30884,-118.09829,42,0.2,0.17,8,NA,NA,NA,0,0,2,0,0,2,0,0,0,0,8,2.06,0.02,32,32,0.01,0.49,1
"294","SMC05146","SMC05146_07102012_BMI_RWB_1","7/10/12",1.08835417,0.89567969,0.99201693,32.84526,-116.61346,0,0,0,2,NA,NA,NA,0.87,0,1,0,0,1,0,0,23.5,0,2,0.81,0,0,2,0,0.09,0
"295","SMC05199","SMC05199_07062011_BMI_RWB_1","7/6/11",1.13119564,0.88341945,1.00730755,34.40412,-119.28071,12,0.16,0.19,158,NA,NA,NA,30.31,0,1,0,0,1,0,0,0,0,158,51.45,0,199,10,0.33,3.9,1
"296","SMC05230","SMC05230_07022012_BMI_RWB_1","7/2/12",0.84818492,0.52537195,0.68677844,33.87308,-117.75077,221,0.96,55.99,154,NA,NA,NA,5519.14,0,1,-5,0,6,1,0,150,8,83,7993.34,0,240,83,-5.1,1245.36,105
"297","SMC05296","SMC05296_06262012_BMI_RWB_1","6/26/12",1.09967795,0.90666885,1.0031734,34.55457,-118.77525,1,0.62,4.57,74,2,49.54,0,5.82,0,0,0,0,0,0,0,0,0,1,23.04,0,47,3,4.94,10.07,1
"298","SMC05402","SMC05402_07282011_BMI_RWB_1","7/28/11",0.99684621,0.86239896,0.92962258,32.80468,-116.57311,4,0.03,0.17,0,-1,15.4,-2,6.27,0,0,-2,1,1,2,0,144,10,16,3.66,0,0,86,0,2.96,3
"299","SMC05423","SMC05423_06102010_BMI_RWB_1","6/10/10",0.97404932,0.52828906,0.75116919,34.28649,-119.30791,NA,NA,NA,0,NA,NA,NA,0,0,0,0,0,0,0,0,0,0,0,237.87,0,160,0,0,0,0
"300","SMC05702","SMC05702_06072010_BMI_RWB_1","6/7/10",0.60786481,0.44466963,0.52626722,32.83209,-117.22954,167,0.18,0.87,75,1,67.04,-8,61.96,-4,-171,-3,0,11,5,19.5,259.5,129,77,203.95,0.06,237,43,-0.54,-0.46,0
"301","SMC05759","SMC05759_05292014_BMI_RWB_1","5/29/14",1.00028268,0.67622219,0.83825244,34.35232,-119.03474,199,7.8,57.56,131,NA,NA,NA,347.45,0,0,0,0,4,0,0,143,0,95,781.81,0,205,39,19.21,332.39,3
"302","SMC05902","SMC05902_06282011_BMI_RWB_1","6/28/11",0.66097717,0.43031389,0.54564553,34.03432,-118.51218,13,0.33,2.45,45,-2,19.08,-8,28.35,0,0,0,0,7,0,0,52,0,17,160.07,0.09,120,126,0.03,3.59,2
"303","SMC05956","SMC05956_06192012_BMI_RWB_1","6/19/12",0.75931819,0.62717829,0.69324824,34.22875,-118.97109,199,-0.03,-0.04,158,NA,NA,NA,299.76,-211,-354,-218,2,5,3,-1,177,18,-38,324.54,0,237,44,0,5.75,31
"304","SMC06079","SMC06079_06262013_BMI_RWB_1","6/26/13",1.03220929,0.78080294,0.90650611,34.41108,-119.08213,1,0.05,0.44,8,0,3.4,0,1.25,0,0,0,0,0,0,0,0,0,1,1.78,0.01,161,0,0.3,1.8,0
"305","SMC06216","SMC06216_06032014_BMI_RWB_1","6/3/14",1.01195761,0.75381748,0.88288755,34.27407,-118.31518,3,0.12,0.89,1,0,23.36,-1,15.55,0,0,0,0,1,0,0,31,0,2,109.7,0,18,18,6.59,5.54,1
"306","SMC06298","SMC06298_07172012_BMI_RWB_1","7/17/12",1.09576459,0.93637956,1.01607207,32.91213,-116.57126,NA,NA,NA,0,NA,NA,NA,0,0,0,2,0,0,1,0,0,0,0,0.34,0,0,0,0,0.59,0
"307","SMC06302","SMC06302_06282012_BMI_RWB_1","6/28/12",0.71737683,0.45126926,0.58432304,33.86699,-117.85366,57,0.11,2.53,38,2,166.51,-61,258.45,0,0,0,0,1,0,0,19,0,32,306.63,0,102,152,2.18,5.02,0
"308","SMC06356","SMC06356_06102013_BMI_RWB_1","6/10/13",1.01777753,0.65427375,0.83602564,34.20156,-118.91158,178,0.09,0.26,141,NA,NA,NA,128.12,0,-7,0,0,5,0,0,176,0,141,464.3,0.08,205,117,0,-0.11,-2
"309","SMC06467","SMC06467_06282010_BMI_RWB_1","6/28/10",0.89201126,0.80809113,0.8500512,33.79118,-117.71782,0,0,0,0,NA,NA,NA,0,0,4,0,0,2,0,0,44,0,0,0.14,0,0,0,0.01,0.02,0
"310","SMC06740","SMC06740_06102013_BMI_RWB_1","6/10/13",0.63452129,0.48732614,0.56092371,34.1807,-118.87436,3,0.02,0.27,65,10,-0.87,-27,48.84,0,-2,-8,0,6,3,84,93,42.5,23,178.7,0,212,133,0.34,5.35,-5
"311","SMC06794","SMC06794_07182012_BMI_RWB_1","7/18/12",0.89715477,1.01150568,0.95433022,32.83039,-116.64687,0,0.02,0.01,0,NA,NA,NA,0,0,0,0,0,0,0,0,0,2,0,0.96,0,0,4,0.02,1.23,0
"312","SMC06863","SMC06863_07212011_BMI_RWB_1","7/21/11",1.16297591,0.87280097,1.01788844,34.49417,-119.30534,1,0,0.02,0,0,0.65,0,0.25,0,0,0,0,0,0,0,0,0,0,0.91,0,17,0,0.06,0.43,1
"313","SMC06918","SMC06918_07162012_BMI_RWB_1","7/16/12",0.78255939,0.46101567,0.62178753,32.78184,-117.184,-76,-0.05,-0.08,84,NA,NA,NA,105.82,0,0,-2,0,6,0,-1,153,23,29,132.49,0.12,237,132,0.01,0.11,-18
"314","SMC06926","SMC06926_07012009_BMI_RWB_1","7/1/09",0.89956908,0.58483,0.74219954,34.04799,-118.51137,0,0,0,9,NA,NA,NA,0,1,0,-344,1,0,3,0,0,218,10,18.65,0,177,2,0,1.49,0
"315","SMC07126","SMC07126_07122012_BMI_RWB_1","7/12/12",0.51117244,0.32405288,0.41761266,32.84359,-117.03457,47,0.44,130.86,124,NA,NA,NA,320.22,-11,-21,-26,3,8,5,0,102.5,103.5,116,1000.4,0.16,196,167,10,39.99,33
"316","SMC08094","SMC08094_06282012_BMI_RWB_1","6/28/12",0.60391094,0.3812226,0.49256677,33.81951,-117.8536,145,-0.06,-0.08,84,NA,NA,NA,75.37,1,0,0,1,1,0,-1,15,0,85,136.8,0.17,197,101,0,0.28,-2
"317","SMC08150","SMC08150_07082014_BMI_RWB_1","7/8/14",0.91333628,0.58867072,0.7510035,32.83731,-117.01975,123,5.87,10.65,152,1,-732.45,-7,217.39,0,-92,-1,1,8,1,0,329,0,152,509.94,0,238,125,0,1.01,0
"318","SMC08335","SMC08335_07072010_BMI_RWB_1","7/7/10",1.01796345,0.69739596,0.8576797,34.34583,-119.29948,NA,NA,NA,0,NA,NA,NA,0,0,0,-351,0,0,4,0,0,175,0,147.78,0,182,5,0,0.04,0
"319","SMC08655","SMC08655_06212012_BMI_RWB_1","6/21/12",1.19972201,1.00765144,1.10368672,34.50823,-119.28406,1,0.11,0.01,4,1,0.97,0,0.02,0,0,0,0,0,0,0,0,0,4,0.41,0,0,15,0.04,0.36,0
"320","SMC08766","SMC08766_07102018_BMI_RWB_MCM_1","7/10/18",0.38473677,0.24770822,0.3162225,33.90192,-118.10859,289,0.78,3.25,142,NA,NA,NA,1354.25,0,0,0,0,2,0,0,15,0,142,3547.36,0.13,249,93,0,8.3,-1
"321","SMC08845","SMC08845_05302014_BMI_RWB_1","5/30/14",0.2568856,0.55805589,0.40747074,33.87309,-117.21355,5,0,0.13,10,NA,NA,NA,0.57,-19,-19,-17,1,6,3,-36,18,-30,15,1.76,0.1,37,39,0.01,0.4,12
"322","SMC09118","SMC09118_05222013_BMI_RWB_MCM_1","5/22/13",0.38244883,0.39093934,0.38669408,33.80876,-117.86259,141,-0.08,-0.13,84,NA,NA,NA,111.72,2,0,0,2,1,0,-2,15,0,72,190.76,0.17,197,94,0,0.29,0
"323","SMC09286","SMC09286_06092010_BMI_RWB_1","6/9/10",0.62590045,0.54050347,0.58320196,32.78194,-117.11419,206,0.61,2.01,102,NA,NA,NA,225.83,-2,-207,1,0,9,1,1,176.5,0,14,552.44,0.04,238,144,0,4.8,-1
"324","SMC09325","SMC09325_06212012_BMI_RWB_1","6/21/12",0.99311819,0.5500631,0.77159064,33.56252,-117.12886,NA,NA,NA,0,NA,NA,NA,0,-358,0,0,2,0,0,146,0,0,0,9.09,0,146,5,0,0,-5
"325","SMC09503","SMC09503_06042012_BMI_RWB_1","6/4/12",1.17402996,0.70730241,0.94066618,34.49757,-119.33913,1,0.01,0.02,2,NA,NA,NA,0,0,0,0,0,0,0,0,0,0,2,0.57,0,17,0,0.4,0.32,1
"326","SMC09534","SMC09534_07102018_BMI_RWB_MCM_1","7/10/18",0.48636422,0.36012937,0.4232468,33.83832,-118.09487,228,1.21,7.46,196,NA,NA,NA,1411.03,0,-212,-1,1,5,2,0,179,0,137,4988.47,0.02,238,184,0,32.51,-1
"327","SMC10685","SMC10685_07012010_BMI_RWB_MCM_1","7/1/10",1.05510669,0.58532046,0.82021357,34.01879,-117.36873,53,0.03,89.02,125,NA,NA,NA,956.92,0,-23,-27,0,5,4,0,49,22.5,194,3424.16,0,44,86,7.09,114.27,30
"328","SMC11343","SMC11343_06042012_BMI_RWB_1","6/4/12",0.97940779,0.73188399,0.85564589,34.3728,-119.30859,50,1.54,3.88,156,0,117.64,0,17.94,0,0,0,0,0,0,0,0,0,98,68.61,0.04,197,101,3.09,6.74,0
"329","SMC11384","SMC11384_06282011_BMI_RWB_1","6/28/11",1.25414379,1.09045967,1.17230173,34.09552,-118.66521,52,0.02,0.71,58,NA,NA,NA,2.14,0,-8,0,0,4,0,0,48,0,61,5.85,0.02,27,55,0.68,1.1,4
"330","SMC11727","SMC11727_06092010_BMI_RWB_1","6/9/10",1.23885108,0.69854011,0.9686956,34.47857,-119.29339,0,0.01,0.01,13,1,2.95,0,0.96,0,0,0,0,0,0,0,0,0,1,2.07,0,179,1,0.13,1.42,0
"331","SMC12814","SMC12814_07222011_BMI_RWB_1","7/22/11",0.85939374,0.84116913,0.85028143,34.04892,-118.84641,58,0.02,0.43,59,NA,NA,NA,0.17,0,1,0,0,3,0,0,33.5,0,62,1.62,0,5,37,0.89,1.26,5
"332","SMC12862","SMC12862_06272011_BMI_RWB_1","6/27/11",0.38473878,0.38067881,0.3827088,33.92148,-118.11149,100,1.77,26.42,186,NA,NA,NA,3316.56,0,0,0,0,1,0,8,3,0,186,3165.53,0.13,249,103,0,29.93,-1
"333","SMC13062","SMC13062_07232013_BMI_RWB_1","7/23/13",0.6730461,0.42617241,0.54960926,32.7755,-117.19557,63,-0.06,-0.09,141,NA,NA,NA,133.58,0,0,-1,0,4,0,0,153,0,63,140.9,0.01,237,122,0.02,0.22,-13
"334","SMC13214","SMC13214_05222013_BMI_RWB_MCM_1","5/22/13",0.50994226,0.39927356,0.45460791,33.80453,-117.87242,-4,0.76,259.02,137,NA,NA,NA,5718.72,0,-242,1,0,5,0,1,159,0.5,138,19037.75,0.21,0,39,557.73,521.64,-1
"335","SMC13599","SMC13599_06042012_BMI_RWB_1","6/4/12",1.11527261,0.81400728,0.96463994,34.49889,-119.34172,10,0.01,0.01,2,NA,NA,NA,0,0,0,0,0,0,0,0,0,0,0,0.55,0,17,0,0.38,0.44,10
"336","SMC13630","SMC13630_06212012_BMI_RWB_1","6/21/12",0.77016709,0.47040609,0.62028659,33.86119,-118.10351,292,1.07,3.12,100,NA,NA,NA,2695.97,1,0,1,1,2,1,0,143,0,84,2776.4,0.02,249,91,0,46.03,-2
"337","SMC14099","SMC14099_06132013_BMI_RWB_1","6/13/13",0.77772298,0.35978577,0.56875438,33.62772,-117.73558,49,0.01,0.2,42,NA,NA,NA,67.1,-1,0,-8,-1,4,1,-31,55.5,0,-3,38.57,0,104,152,1.45,2.51,-5
"338","SMC15678","SMC15678_06252013_BMI_RWB_1","6/25/13",0.24551089,0.20101656,0.22326372,33.80989,-118.09075,205,1.34,8.76,169,NA,NA,NA,699.92,0,0,0,2,7,1,0,357,15.5,132,5062.39,0.05,238,184,0,21.19,-2
"339","SMC16446","SMC16446_06212012_BMI_RWB_1","6/21/12",0.97485814,0.72786163,0.85135989,34.41319,-119.27282,177,0.24,0.52,58,NA,NA,NA,25.07,0,0,0,0,4,0,0,42.5,0,18,38.93,0,226,45,0.18,3.29,0
"340","SMC16832","SMC16832_07102018_BMI_RWB_MCM_1","7/10/18",0.38458256,0.22569987,0.30514122,33.88444,-118.10855,291,3.82,8.73,150,NA,NA,NA,2221.38,0,-3,0,0,4,0,0,59,0,150,3072.58,0.08,249,80,0,-0.2,-2
"341","SMC16980","SMC16980_07062011_BMI_RWB_1","7/6/11",1.14441275,0.93237563,1.03839419,34.43268,-119.24974,195,0.17,0.36,1,NA,NA,NA,9.15,0,3,0,0,6,0,0,181.5,0,1,32.67,0,226,8,0,0.55,0
"342","SMC18545","SMC18545_06252013_BMI_RWB_1","6/25/13",1.09317744,0.57993177,0.8365546,34.48452,-119.30834,0,0,0,1,0,0.07,0,-0.03,0,0,0,0,0,0,0,0,0,1,0.55,0,152,0,0.05,0.3,0
"343","SMC19697","SMC19697_06242013_BMI_RWB_1","6/24/13",1.09382674,0.5550437,0.82443522,34.34807,-119.30096,NA,NA,NA,0,NA,NA,NA,0,0,0,-351,0,0,5,0,0,171,0,146.81,0,180,4,0,0.04,0
"344","SMC19809","SMC19809_06252013_BMI_RWB_1","6/25/13",1.29529466,0.71806876,1.00668171,34.50141,-119.3531,0,0.06,0.01,1,NA,NA,NA,0,0,0,0,0,0,0,0,0,0,0,0.4,0,17,9,0.29,0.33,0
"345","SMC19945","SMC19945_06252013_BMI_RWB_1","6/25/13",1.10091815,0.93162723,1.01627269,34.50486,-119.28186,2,0.03,0.02,2,0,0.73,0,0.01,0,0,0,0,0,0,0,0,0,2,0.4,0.01,0,3,0.04,0.38,0
"346","SMC20032","SMC20032_06182010_BMI_RWB_1","6/18/10",0.25638837,0.32171354,0.28905096,33.87664,-118.10774,291,0.66,1.51,91,NA,NA,NA,2080.96,0,-2,0,0,4,0,0,59,0,91,2975.82,0.08,249,76,0,2.82,-2
"347","SMC20994","SMC20994_06172013_BMI_RWB_1","6/17/13",0.78684234,0.43018938,0.60851586,34.03639,-118.51129,55,0.75,6.97,153,NA,NA,NA,24.68,0,-27,0,0,5,0,0,55,15.5,117,72.15,0.47,75,121,2.73,2.55,2
"348","SMC21796","SMC21796_06142013_BMI_RWB_1","6/14/13",0.61506606,0.46288418,0.53897512,33.99108,-118.40916,62,17.61,37.39,94,0,1418.68,-11,2212.77,0,1,-8,1,6,0,0,124,7,18,19167.77,0.35,248,158,34.67,20.71,-1
"349","SMC21822","SMC21822_06212010_BMI_RWB_1","6/21/10",1.00726819,0.60693452,0.80710135,33.87234,-117.70876,-4,0.13,240.6,189,7,1740.99,-12,4812.66,0,-231,0,0,5,0,0,178,0.5,189,5059.21,0.35,36,49,116.81,317.26,-1
"350","SMC24222","SMC24222_06212010_BMI_RWB_1","6/21/10",0.89251612,0.57056767,0.7315419,33.87151,-117.71724,-4,0.14,260.57,114,NA,NA,NA,4731.64,0,-229,0,0,4,0,0,178,0,114,5192.89,0.36,36,48,114.85,299.57,-1
"351","SMC29064","SMC29064_06252012_BMI_RWB_1","6/25/12",0.86727105,0.91711734,0.89219419,33.79564,-116.7426,41,0.07,0.16,14,NA,NA,NA,0,0,0,0,0,0,0,0,0,0,3,0.12,0,11,11,0,1.3,12
"352","SMC32897","SMC32897_05152014_BMI_RWB_1","5/15/14",0.38870889,0.40627221,0.39749055,33.86921,-117.21318,NA,NA,NA,15,NA,NA,NA,1.12,-27,-179,-202,3,5,4,118,148,142,NA,NA,NA,NA,NA,NA,NA,NA
"353","SMC34888","SMC34888_06242010_BMI_RWB_1","6/24/10",1.10641874,0.69659429,0.90150652,33.77386,-117.68432,1,0.08,0.26,29,0,-12.73,-20,2.74,0,0,0,0,1,0,0,130,1,7,7.46,0,70,2,0.54,4.66,2
"354","SMC35837","SMC35837_06252012_BMI_RWB_1","6/25/12",0.49493697,0.77382652,0.63438174,33.7364,-116.8261,15,0.07,0.16,2,NA,NA,NA,5.31,0,1,0,0,3,0,0,164,0,2,4.69,0,51,34,0.01,2.05,17
"355","SMC40887","SMC40887_06122013_BMI_RWB_1","6/12/13",1.25124773,0.87814381,1.06469577,33.76317,-117.46378,266,37.06,63.89,159,NA,NA,NA,333.64,0,-75,0,0,7,0,0,200,0.5,8,2925.67,0,209,170,0.64,21.34,52
"356","SMCR8_007","SMCR8_007_06222006_BMI_RWB_1","6/22/06",0.42581508,0.741828,0.58382154,34.0952,-116.96447,0,0,0.03,1,NA,NA,NA,-0.01,0,1,0,0,1,0,0,34.5,0,4,1.3,0,0,16,0.54,0.84,0
"357","SMCR8_011","SMCR8_011_06152006_BMI_RWB_1","6/15/06",0.64005872,0.67317922,0.65661897,33.850751,-117.7835252,11,-0.01,-0.03,111,13,26.27,-2,20.79,0,0,1,0,1,1,0,7,0,111,26.21,0.09,40,69,0,0.81,11
"358","SMCR8_012","SMCR8_012_05312006_BMI_RWB_1","5/31/06",0.35944321,0.83424838,0.5968458,33.91909,-117.82201,47,0.02,1.47,54,NA,NA,NA,5.93,0,-17,-27,0,5,2,0,27,47,50,20.36,0.16,64,83,2.64,1.48,6
"359","SMCR8_019","SMCR8_019_06152006_BMI_RWB_1","6/15/06",0.67321659,0.61540873,0.64431266,33.92417,-117.59778,53,0.06,0.32,17,-4,0.17,0,0.22,0,-23,0,0,3,0,0,22.5,0,17,0.21,0.11,48,20,0.4,0.8,33
"360","SMCR8_020","SMCR8_020_06162006_BMI_RWB_1","6/16/06",0.72423025,0.96380467,0.84401746,33.76698,-116.6902,0,0,0,0,NA,NA,NA,0,0,0,0,0,0,0,0,0,0,0,0.01,0,160,1,0,0.01,0
"361","SMCR8_025","SMCR8_025_06162007_BMI_RWB_1","6/16/07",0.78267257,1.09885362,0.9407631,34.1739,-116.9839,8,0.04,0.42,29,NA,NA,NA,0.1,0,0,0,0,1,0,0,18,0,29,0.22,0.01,3,3,0,0.09,2
"362","SMCR8_028","SMCR8_028_06042006_BMI_RWB_1","6/4/06",0.43860735,0.59035425,0.5144808,34.2026,-117.44583,5,0.1,0.1,14,NA,NA,NA,0,1,0,1,0,0,0,0,0,0,27,4.88,0,81,76,0.12,0,5
"363","SMCR8_034","SMCR8_034_06222006_BMI_RWB_1","6/22/06",0.39320791,0.90972375,0.65146583,34.08909,-116.92669,1,0,0.1,8,NA,NA,NA,0.26,0,0,0,0,0,0,0,0,0,8,0.74,0.01,3,3,0.1,0.24,1
"364","SMCR8_035","SMCR8_035_06222006_BMI_RWB_1","6/22/06",1.00385632,1.02261307,1.0132347,34.08193,-116.89027,12,0.03,0.2,2,NA,NA,NA,0,0,3,0,0,0,0,0,0,0,1,0.11,0.04,2,24,0,0,1
"365","SMCR8_042","SMCR8_042_05312006_BMI_RWB_1","5/31/06",0.22448387,0.39479215,0.30963801,33.94623,-117.61423,267,0.28,1.2,159,NA,NA,NA,477.47,-16,-31,-5,0,5,3,5,143,9,-37,526.16,0,237,93,-0.42,1.65,94
"366","SMCR8_046","SMCR8_046_06052008_BMI_RWB_1","6/5/08",0.67015301,0.57858071,0.62436686,33.79096,-117.71949,0,0,0,4,NA,NA,NA,0,0,4,0,0,2,0,0,44,0,4,0.13,0,0,1,0.01,0.02,0
"367","SMCR8_048","SMCR8_048_05112008_BMI_RWB_1","5/11/08",0.3389655,0.34032794,0.33964672,33.71756,-117.78945,158,-0.11,-0.08,108,NA,NA,NA,74.12,-129,-151,-201,0,6,1,-64,142,-4,9,52.04,0,201,151,0,1.42,75
"368","SMCR8_057","SMCR8_057_05182008_BMI_RWB_1","5/18/08",1.07986857,0.89963491,0.98975174,34.25033,-117.54376,0,0,0,0,NA,NA,NA,0,0,0,0,0,0,0,0,0,0,0,0,0,0,0,0,0,0
"369","SMCR8_062","SMCR8_062_06232006_BMI_RWB_1","6/23/06",0.72949256,0.87322433,0.80135845,34.21257,-117.45844,4,0.1,0.1,15,NA,NA,NA,0,3,0,0,1,0,4,-20.5,0,131,12,4.54,0,123,119,1.4,5.18,4
"370","SMCR8_069","SMCR8_069_06012007_BMI_RWB_1","6/1/07",1.15020346,1.09384452,1.12202399,34.2481,-117.51276,0,0,0,0,NA,NA,NA,0,0,0,0,0,0,0,0,0,0,0,0.24,0,0,0,0,0,0
"371","SMCR8_070","SMCR8_070_06172006_BMI_RWB_1","6/17/06",0.65141167,0.81429965,0.73285566,33.77122,-116.7675,6,0.01,0.04,0,2,0.41,0,0.03,0,0,0,0,0,0,0,0,0,1,0.35,0,1,1,0.01,0.52,5
"372","SMCR8_074","SMCR8_074_06252008_BMI_RWB_1","6/25/08",0.70887591,0.77387405,0.74137498,34.08167,-116.8887,46,0.09,0.17,3,NA,NA,NA,0,0,30,0,0,0,0,0,0,0,2,0,0.07,1,1,0,0,2
"373","SMCR8_080","SMCR8_080_06242008_BMI_RWB_1","6/24/08",1.05598357,1.00002614,1.02800485,34.1584,-116.88742,11,0,0,37,NA,NA,NA,0,0,30,0,0,0,0,0,0,0,37,0.1,0.06,1,3,0,0,1
"374","SMCR8_105","SMCR8_105_06022007_BMI_RWB_1","6/2/07",0.96436591,0.82433817,0.89435204,34.25265,-117.4925,NA,NA,NA,1,NA,NA,NA,0,0,0,0,0,0,1,0,0,0,1,9.18,0,0,0,0.25,0.59,0
"375","SMCR8_106","SMCR8_106_06162007_BMI_RWB_1","6/16/07",0.88469092,1.05368089,0.9691859,34.15508,-116.88528,8,0,0,59,NA,NA,NA,0,0,30,0,0,0,0,0,0,0,58,0.1,0.01,1,1,0,0,1
"376","SMCR8_118","SMCR8_118_06112008_BMI_RWB_1","6/11/08",0.774353,0.71594306,0.74514803,34.27906,-117.47566,NA,NA,NA,0,NA,NA,NA,0,2,0,0,0,0,0,0,0,99,0,-0.01,0,0,0,-0.02,0.51,0
"377","SMCR8_147","SMCR8_147_05192007_BMI_RWB_1","5/19/07",0.51029346,1.01070282,0.76049814,33.79427,-116.74714,13,0.1,0.94,1,NA,NA,NA,0,0,1,0,0,1,0,0,0,0,1,0.45,0.02,7,7,0,0.16,2
"378","SMCR8_151","SMCR8_151_06102007_BMI_RWB_1","6/10/07",0.65036397,0.62324929,0.63680663,33.98873,-117.39614,54,0.02,94.58,96,NA,NA,NA,1207.66,0,-22,-26,0,5,3,0,49,35.5,137,3659.59,0,45,86,8.42,136,31
"379","SMCR8_155","SMCR8_155_06302008_BMI_RWB_1","6/30/08",1.01572178,0.85959193,0.93765686,33.80703,-116.77699,20,0,0.2,16,NA,NA,NA,0,0,0,0,0,0,0,0,0,0,16,0.02,0.01,1,1,0,0.01,5
"380","SMCR8_160","SMCR8_160_06072006_BMI_RWB_1","6/7/06",0.71113,0.64189562,0.67651281,33.73134,-116.8102,7,0.11,0.3,0,15,14.8,0,4.41,0,0,0,0,1,0,0,0,0,13,162.62,0,0,9,3.73,15.71,2
"381","SMCR8_163","SMCR8_163_05192007_BMI_RWB_1","5/19/07",0.51023943,1.05868934,0.78446438,33.79478,-116.74829,13,0.1,0.5,1,NA,NA,NA,0,0,1,0,0,1,0,0,0,0,1,0.45,0.02,7,7,0,0.16,5
"382","SMCR8_172","SMCR8_172_06162006_BMI_RWB_1","6/16/06",0,0.9616216,0.4808108,33.78651,-116.8323,8,0,0.1,3,NA,NA,NA,0,-28,2,0,1,2,0,22.5,0,0,8,0.54,0.05,4,4,0,0.05,2
"383","SMCR8_203","SMCR8_203_05292007_BMI_RWB_1","5/29/07",0.76318594,1.13844989,0.95081791,34.18658,-116.91801,60,0.1,0.49,31,NA,NA,NA,1.13,0,0,0,0,2,5,0,60,37.5,30,4.93,0.04,32,31,0.1,1.3,2
"384","SMCR8_218","SMCR8_218_06232009_BMI_RWB_1","6/23/09",0.43721671,0.77677169,0.6069942,33.80978,-116.7403,2,0.01,0.02,1,-1,0.33,0,0.03,0,0,0,0,1,0,0,4,0,1,0.11,0,4,7,0.01,0.42,1
"385","SMCR8_219","SMCR8_219_07062009_BMI_RWB_1","7/6/09",0.67421868,1.21943978,0.94682923,34.11105,-116.99195,53,0.1,0.2,50,NA,NA,NA,0.04,0,0,0,0,2,0,0,29,0,50,1.01,0.1,4,4,0.02,0.26,9
"386","SMCR8_267","SMCR8_267_06272006_BMI_RWB_1","6/27/06",0.45002717,0.65959483,0.554811,33.67606,-116.67871,22,0.01,1.26,1,0,-0.17,0,0.02,0,0,0,0,0,0,0,0,0,1,0.11,0,3,3,1.86,4.62,22
"387","SMCR8_270","SMCR8_270_06302008_BMI_RWB_1","6/30/08",1.00541247,0.40702682,0.70621965,33.72944,-116.74809,3,0.1,0.1,14,NA,NA,NA,0.02,-15,0,1,0,4,1,0,111,-5.5,13,4.15,0,77,74,0,0,3
"388","SMCR8_272","SMCR8_272_06252008_BMI_RWB_1","6/25/08",0.69998073,0.75398841,0.72698457,34.08788,-116.91434,9,0,0.1,55,NA,NA,NA,0,0,1,0,0,0,0,0,1,0,55,0.32,0.01,1,12,0.02,0,1
"389","SMCR8_346","SMCR8_346_06022007_BMI_RWB_1","6/2/07",0.62551223,0.92608869,0.77580046,34.23613,-117.49604,-1,0.01,0,31,NA,NA,NA,0,0,0,-1,0,0,0,0,0,0,1,26.22,0,0,2,9.62,-0.06,0
"390","SMCR8_351","SMCR8_351_06192008_BMI_RWB_1","6/19/08",0.33636642,0.62795729,0.48216186,33.97295,-117.51806,NA,NA,NA,83,NA,NA,NA,1726.31,0,-254,-1,0,6,0,0,44,0,NA,NA,NA,NA,NA,NA,NA,-3
"391","SMCR8_361","SMCR8_361_06102007_BMI_RWB_1","6/10/07",0.11204197,0.68341493,0.39772845,33.96825,-117.44789,NA,NA,NA,94,NA,NA,NA,1146.94,-2,-258,-261,-1,5,5,6,43,43,NA,NA,NA,NA,NA,NA,NA,-16
"392","SMCR8_362","SMCR8_362_07172008_BMI_RWB_1","7/17/08",0.78042237,0.97282498,0.87662367,34.23904,-117.49896,13,0.01,0.04,1,NA,NA,NA,0,0,0,1,0,0,1,0,0,0,0,-0.01,0,0,1,7.98,1.26,1
"393","SMCR8_370","SMCR8_370_06172007_BMI_RWB_1","6/17/07",0.59386859,0.68864487,0.64125673,34.10015,-117.02393,56,0.07,1.31,2,NA,NA,NA,0.75,1,0,1,0,1,1,0,7.5,0,2,1.38,0,0,6,0.14,0.27,1
"394","SMCR8_375","SMCR8_375_04192007_BMI_RWB_1","4/19/07",0.69602838,1.23246036,0.96424437,33.75657,-116.70164,7,0,0.6,14,NA,NA,NA,0,0,0,0,0,0,0,0,0,0,7,0.02,0,7,7,0,0,9
"395","SMCR8_419","SMCR8_419_04192007_BMI_RWB_1","4/19/07",0.56445899,1.02049186,0.79247542,33.74266,-116.71364,0,0,0,0,NA,NA,NA,0,0,1,0,0,0,1,0,0,0,1,1.63,0,0,3,0,0.69,0
"396","SMCR8_446","SMCR8_446_06092007_BMI_RWB_1","6/9/07",0.76467646,1.24893691,1.00680669,34.18543,-117.18567,2,0.01,0.02,4,NA,NA,NA,1,-2,-5,-1,0,0,2,19,6.5,0,5,0.55,0,0,9,0.12,0.83,1
"397","SMCR8_453","SMCR8_453_04202007_BMI_RWB_1","4/20/07",0.57176397,0.48118297,0.52647347,33.73882,-116.82834,14,0.1,0.17,2,NA,NA,NA,4.4,0,1,0,0,2,0,0,186,0,2,4.5,0,47,31,0.02,0.42,16
"398","SMCR8_474","SMCR8_474_07052009_BMI_RWB_1","7/5/09",0.78298411,0.89565755,0.83932083,34.24826,-117.62775,8,0,0.04,2,NA,NA,NA,0,0,0,0,0,0,0,0,0,0,1,0,0.01,1,1,0,0.7,3
"399","SMCR8_480","SMCR8_480_07082008_BMI_RWB_1","7/8/08",0.12914001,0.24667028,0.18790515,33.80402,-118.08385,73,0.8,16.68,77,NA,NA,NA,664.23,-16,-344,-7,3,7,4,0,185,90,-11,1235.29,0,170,187,43.9,64.09,-4
"400","SMCR8_496","SMCR8_496_07012008_BMI_RWB_1","7/1/08",1.13613223,0.465791,0.80096161,33.68738,-116.68416,3,0,0.1,2,NA,NA,NA,0,0,0,0,0,0,2,0,0,19,1,0.21,0.08,11,14,0,0,1
"401","SMCR8_513","SMCR8_513_06222009_BMI_RWB_1","6/22/09",1.10162101,0.78805911,0.94484006,33.71777,-116.76274,NA,NA,NA,0,NA,NA,NA,0,-13,0,1,1,5,1,0,160,158.5,0,0.61,0,0,17,0.45,-0.22,0
"402","SMCR8_528","SMCR8_528_05252008_BMI_RWB_1","5/25/08",0.51000921,0.62490668,0.56745794,33.87273,-117.71305,-4,0.14,247.07,115,NA,NA,NA,4780.7,0,-231,0,0,5,0,1,178,0.5,118,6007.72,0.25,0,49,27,475.72,-1
"403","SMCR8_530","SMCR8_530_05292007_BMI_RWB_1","5/29/07",0.5622131,0.9526149,0.757414,34.17834,-116.90881,2,0.1,0.1,12,NA,NA,NA,0,0,13,-24,0,0,2,100,0,140,12,0.24,0,86,84,0.04,0.01,2
"404","SMCR8_543","SMCR8_543_05192007_BMI_RWB_1","5/19/07",0.47978956,0.88012565,0.6799576,33.80281,-116.73208,44,0.1,0.9,21,NA,NA,NA,0,0,0,0,0,0,0,0,0,0,21,0.04,0.06,7,7,0,0,1
"405","SMCR8_587","SMCR8_587_05182007_BMI_RWB_1","5/18/07",0.58024666,0.86558511,0.72291588,33.72206,-116.80423,5,0.24,2.18,19,NA,NA,NA,3.99,0,1,0,0,0,0,0,0,0,3,47.14,0.01,46,1,0.34,7.21,0
"406","SMCR8_605","SMCR8_605_07012009_BMI_RWB_1","7/1/09",0.56482775,0.50553423,0.53518099,33.73776,-116.72825,-1,0,0,0,NA,NA,NA,-0.01,0,2,1,1,0,0,17.5,0,0,1,2.29,0,0,2,0,0.7,5
"407","SMCR8_635","SMCR8_635_05202007_BMI_RWB_1","5/20/07",0.1529985,0.76483984,0.45891917,33.80349,-116.78271,7,0,0,8,NA,NA,NA,0,0,1,0,0,0,0,0,0,0,7,0.05,0.02,7,7,0.24,0,5
"408","SMCR8_688","SMCR8_688_07012009_BMI_RWB_1","7/1/09",0.5795684,0.59621084,0.58788962,33.75289,-116.70609,0,0,0,0,NA,NA,NA,0,0,0,0,0,0,0,0,0,0,0,0.06,0,0,0,0,0.15,0
"409","SMCR8_713","SMCR8_713_06232006_BMI_RWB_1","6/23/06",0.65536081,1.1040236,0.8796922,34.24908,-117.63127,8,0,0.1,2,NA,NA,NA,0,0,0,0,0,0,0,0,0,0,1,0,0.02,1,1,0,0.7,3
