"","Bug_StationCode","SampleID","SampleDate","MostRecentSample","CSCI","CSCI_Percentile","OoverE","OoverE_Percentile","MMI","MMI_Percentile","DS_Dur_WS","DS_Mag_50","DS_Mag_90","DS_Tim","FA_Dur","FA_Mag","FA_Tim","Peak_2","Peak_Dur_10","Peak_Dur_2","Peak_Dur_5","Peak_Fre_10","Peak_Fre_2","Peak_Fre_5","Peak_Tim_10","Peak_Tim_2","Peak_Tim_5","SP_Dur","SP_Mag","SP_ROC","SP_Tim","Wet_BFL_Dur","Wet_BFL_Mag_10","Wet_BFL_Mag_50","Wet_Tim"
"1","314SYL","314SYL373501BMI_CSBP_Trans","4/4/02",2,0.864352091,0.2,0.982549471,0.46,0.746154711,0.08,87,0.68,7.545,-33,NA,NA,NA,70.71,0,-234,-82,0,1,0.25,0,80.45,1.25,30.25,21.97,-0.01,109.75,3,3.1225,9.9675,-3
"2","315GAVGSP","315GAVGSP370341BMI_CSBP_Trans","5/23/01",1,0.629634589,0.01,0.644804424,0.03,0.614464754,0.02,NA,NA,NA,0,NA,NA,NA,0,0,0,-354.2,0,0,2.6,0,0,150.2,0,0.305652173913043,0,14.8260869565217,1,0,1.47,-1
"3","315MIU","315MIU395661BMI_RWB","4/28/08",3,1.013557289,0.53,1.118516457,0.73,0.908598121,0.3,-0.333333333333333,-0.00333333333333333,-0.00666666666666667,-2.375,NA,NA,NA,0.05,0,-17.6,-1,0,0,0,0,-0.05,0,-0.75,1.28125,0,15.25,0.75,0.035,-0.0075,-0.25
"4","403SPCNWS","403SPCNWS417511BMI_RWB","4/22/14",1,1.113268983,0.76,1.273107613,0.92,0.953430352,0.4,0.0666666666666667,0.008,0.006,-0.0909090909090909,0.333333333333333,2.34,0,3.35,0,0,0,0,0,0,0,0,0,-0.0526315789473684,0.756521739130435,0,0,0,0.021875,0.033125,0
"5","403STC009","403STC009376571BMI_CSBP_Trans","2/5/03",2,1.008875305,0.52,0.954074895,0.4,1.063675716,0.64,-4.76470588235294,0.292941176470588,0.642941176470588,6.77272727272727,0.333333333333333,-16.6533333333333,-20.3333333333333,23,0,0,0,0,0,0,0,0,0,0,1.58909090909091,0,2.54545454545455,0.277777777777778,0.695,-0.681666666666667,-0.277777777777778
"6","403STC070","403STC070376571BMI_CSBP_Trans","2/5/03",1,1.134349748,0.8,1.272685694,0.92,0.996013803,0.49,0,0.004375,-0.015625,-0.227272727272727,0.333333333333333,2.43,0,0.67,0,0,0,0,0,0,0,0,0,0,0.979130434782609,0,0,0,0.0282352941176471,0.111764705882353,0
"7","408CAL012","408CAL012371941BMI_CSBP_Trans","10/30/01",1,0.636061973,0.01,0.706332608,0.06,0.565791339,0.01,46.6666666666667,-0.055,0.06,-37.4666666666667,NA,NA,NA,121.73,-0.5,-113.181818181818,-0.2,0,1.72727272727273,0,0,42.2272727272727,0,40.3333333333333,73.97,-0.0477777777777778,79.6,33.5555555555556,-0.247777777777778,-4.22888888888889,-19.7777777777778
"8","722ABSPPC","722ABSPPC417501BMI_RWB","4/21/14",2,0.934342033,0.34,1.183426534,0.83,0.685257532,0.04,NA,NA,NA,-0.2,NA,NA,NA,0.19,-0.333333333333333,-123,0,0,0.363636363636364,0,0,33.0909090909091,0,0,0.01,0,0,0.333333333333333,0.00333333333333333,0,-0.333333333333333
"9","802SJR116","802SJR116414631BMI_RWB","7/8/13",2,0.311941332,0,0.37853781,0,0.245344854,0,125.75,2.0675,5.1675,-78,NA,NA,NA,370.64,0,-261.111111111111,-0.2,0,2.33333333333333,0.2,0,77.9444444444444,-3.3,-14,503.606363636364,0,60.8636363636364,4.6,-0.682,27.756,-4.8
"10","901ATCDOS","901ATCDOS417581BMI_RWB","4/29/14",1,0.638971908,0.01,0.856065144,0.22,0.421878671,0,-23.5,0.21,3.025,-0.5,NA,NA,NA,217.9,-20,-190.555555555556,-23.3333333333333,1,2.33333333333333,-0.333333333333333,-37.5,30.8888888888889,-47,-54.5,50.385,0,54,74.25,1.12,-1.51375,-20.25
"11","901DCCSMC","901DCCSMC406791BMI_RWB","5/16/11",1,1.135279907,0.8,1.168165087,0.81,1.102394728,0.72,5,0.05,0.21,-10.5,NA,NA,NA,2.61,0,-99.7777777777778,0,0,0,0,0,15.1111111111111,0,0.666666666666667,5.47888888888889,-0.00333333333333333,14.2222222222222,-0.333333333333333,0.69,0.976666666666667,0
"12","909SSWR03","909SSWR03399231BMI_RWB","4/20/09",5,0.888283956,0.24,0.777623756,0.12,0.998944156,0.5,-1,-0.00333333333333333,-0.00666666666666667,0,NA,NA,NA,0,-0.333333333333333,0,0.4,0,0,0,0,0,-0.4,0,0.0125,0,0,1,0,-0.685,-1
"13","LALT501","LALT501410811NR","6/21/12",1,0.583713304,0,0.542260268,0.01,0.625166341,0.02,-54.6153846153846,7.52153846153846,23.72,26.6666666666667,-0.333333333333333,1050.99666666667,-30.3333333333333,2879.42,-1,-42,-18.3333333333333,0,1.75,-0.333333333333333,-1,6.125,-7.83333333333333,-45.7857142857143,-91.67,0.000714285714285714,80.8333333333333,58.7857142857143,6.82214285714286,-82.3107142857143,-19.1428571428571
"14","SGLT506","SGLT506410781NR","6/18/12",1,0.586312859,0,0.613777159,0.02,0.558848559,0.01,12.4615384615385,-10.66,-11.8646153846154,-39.6666666666667,1.66666666666667,-21.55,-30.3333333333333,942.84,-2,-2,0.25,-1,0,0,-11,-3.8,0,-14.1428571428571,-439.115263157895,-0.0342857142857143,61.4210526315789,32,-6.12,129.615,-12.6428571428571
"15","SGUR010","SGUR010407211NR","6/27/11",2,0.983273925,0.46,1.120381158,0.74,0.846166691,0.2,1.09090909090909,0.00545454545454545,-0.0472727272727273,0.833333333333333,0,6.75,0,-0.18,0,0,0,0,0,0,0,0,0,-0.0909090909090909,2.93,0.000909090909090909,1.83333333333333,-0.818181818181818,0.326363636363636,2.09454545454545,0.75
"16","SGUR103","SGUR103411081NR","7/18/12",3,1.086108165,0.7,1.156517482,0.79,1.015698847,0.53,-2,0,0.044,4.41666666666667,1,-0.13,0,-0.03,0,0,0.25,0,0,0.25,0,0,-4.125,4.58333333333333,0.0683333333333333,0,-0.166666666666667,0.727272727272727,0.00454545454545455,-4.95,-0.818181818181818
"17","SGUT501","SGUT501410791NR","6/19/12",1,1.26732273,0.95,1.389128234,0.98,1.145517226,0.79,4.04761904761905,0.00761904761904762,0.03,-3.52173913043478,NA,NA,NA,0,0,0.75,0,0,0.416666666666667,0,0,-10,0,-3.65217391304348,0.536086956521739,0.000434782608695652,0.130434782608696,0.142857142857143,-0.000476190476190476,0.0361904761904762,0
"18","SGUT502","SGUT502410781NR","6/18/12",3,0.988249271,0.47,1.116139719,0.73,0.860358823,0.22,0.111111111111111,-0.00555555555555556,-0.00555555555555556,0,NA,NA,NA,0.58,0,-9.77777777777778,0,0,0.111111111111111,0,0,1.94444444444444,0,0,0.491666666666667,0,8.88888888888889,0,0.00571428571428572,0.0414285714285714,0.0833333333333333
"19","SGUT503","SGUT503410731NR","6/13/12",3,1.011042826,0.53,1.178230504,0.83,0.843855149,0.19,-0.5,-0.005,-0.005,0,NA,NA,NA,0,0.5,0.3,0.25,0,0,0.25,-0.5,-0.25,-10.875,0.2,-0.018,0,0,0.6,-0.076,0.152,-0.6
"20","SGUT504","SGUT504410791NR","6/19/12",1,0.989711373,0.47,1.109322382,0.72,0.870100364,0.23,-5.91304347826087,0.156521739130435,-0.0734782608695652,3.43478260869565,2.5,0.3,-2.5,0.35,-6,-5.3,-7.66666666666667,-0.5,0.3,0.333333333333333,-5.75,0.75,-1.16666666666667,-0.826086956521739,0.0617391304347826,0,4.26086956521739,6.73913043478261,-0.00956521739130435,0.121304347826087,-2.47826086956522
"21","SGUT505","SGUT505410781NR","6/18/12",1,0.877810932,0.22,1.045087959,0.59,0.710533905,0.05,0,-0.0466666666666667,-0.06,0,NA,NA,NA,-0.06,0,0,-0.75,0,0,0,0,0,0,0,0.0138888888888889,0,0,0,1.16,1.354,0
"22","SMC00080","SMC00080_41066_BMI_RWB_1","6/6/12",3,0.803837262,0.11,0.847270181,0.21,0.760404342,0.09,4.69565217391304,0.00347826086956522,0.0539130434782609,-4.95652173913043,NA,NA,NA,0,0,1.33333333333333,-16.2,0,0,0.4,0,0,7.3,-5.95652173913043,0.00521739130434783,-0.000869565217391304,1,1.26086956521739,0,0,-0.260869565217391
"23","SMC00105","SMC00105_39945_BMI_RWB_1","5/12/09",1,0.972364495,0.43,1.137145755,0.76,0.807583235,0.14,NA,NA,NA,-3,NA,NA,NA,0,0,0,-32.3333333333333,0,0,1.66666666666667,0,0,-5.83333333333333,-3,0.0633333333333333,0,0,-3.66666666666667,0,0.0633333333333333,3.66666666666667
"24","SMC00135","SMC00135_40336_BMI_RWB_1","6/7/10",1,0.865721111,0.2,1.017497643,0.54,0.713944579,0.06,2.56521739130435,0.00173913043478261,-0.0256521739130435,-3.30434782608696,NA,NA,NA,0,0,0.416666666666667,0,0,0,0,0,0,0,-3.8695652173913,0.00695652173913044,0.000434782608695652,0.565217391304348,1.30434782608696,-0.0247826086956522,-0.0143478260869565,-0.739130434782609
"25","SMC00198","SMC00198_39953_BMI_RWB_1","5/20/09",1,0.723663686,0.04,0.912419114,0.32,0.534908259,0,41,-1.2,-1.37333333333333,-57.2,1,21.8,-9,160.43,-1.33333333333333,-270.2,-8.75,0.333333333333333,1.9,0.25,-8,111.25,-9.375,-1,82.301,0.00333333333333333,95.4,48.1666666666667,-1.14666666666667,-1.20666666666667,-27.5
"26","SMC00271","SMC00271_39968_BMI_RWB_1","6/4/09",1,0.951285257,0.38,1.023822198,0.55,0.878748317,0.25,0.0833333333333333,0,0,-0.333333333333333,1,0,0,0.01,0,0,0,0,0,0,0,0,0,-0.0714285714285714,0.0114285714285714,0,0,-0.0714285714285714,0.0271428571428571,0.00142857142857143,0.0714285714285714
"27","SMC00282","SMC00282_39973_BMI_RWB_1","6/9/09",1,0.981521189,0.45,1.158815862,0.8,0.804226516,0.14,-0.5,0,-0.005,0,NA,NA,NA,0.38,-0.5,-27,0,0,0.142857142857143,0,0,3.35714285714286,0,0,0.00428571428571428,0,0,0.75,0,-0.275,-0.75
"28","SMC00288","SMC00288_39982_BMI_RWB_1","6/18/09",1,0.673631567,0.02,0.83622953,0.19,0.511033603,0,-23.75,0,-0.025,5.55555555555556,NA,NA,NA,3.28,0,-36.5,-6.66666666666667,0,1.5,-0.333333333333333,0,-4.55,-20.6666666666667,-31.7777777777778,0.841111111111111,0,37.3333333333333,51,-0.07,-0.03875,-16.875
"29","SMC00318","SMC00318_40344_BMI_RWB_1","6/15/10",1,0.382262467,0,0.513006828,0.01,0.251518107,0,17.5,-13.221,-21.929,-66.8636363636364,NA,NA,NA,4837.7,-0.333333333333333,-73.7,-0.2,0,0.7,0,0,4,0,33.6363636363636,1499.23130434783,-0.0327272727272727,77.0434782608696,42.3636363636364,-8.45,-71.2063636363636,-26
"30","SMC00382","SMC00382_39987_BMI_RWB_1","6/23/09",1,0.362996662,0,0.383239623,0,0.342753702,0,3,0,0.01,-22.9166666666667,NA,NA,NA,8.96,-91,-39.5555555555556,-44,7,1.77777777777778,1.66666666666667,47,12.1111111111111,-0.833333333333333,-61.5833333333333,2.5075,0.00166666666666667,38.6666666666667,57.6666666666667,0.338888888888889,0.171111111111111,-17.5555555555556
"31","SMC00428","SMC00428_41465_BMI_RWB_1","7/10/13",4,0.92157076,0.31,0.757236396,0.1,1.085905124,0.68,-0.947368421052632,-0.00157894736842105,0.0394736842105263,2.05263157894737,-4,-0.97,-44,0.92,0,-115.3,-109.75,0,0.3,0.5,0,45.6,60.5,-8.94736842105263,0.61421052631579,-0.068421052631579,11,10.0526315789474,0.0410526315789474,0.653684210526316,0.947368421052632
"32","SMC00436","SMC00436_39959_BMI_RWB_1","5/26/09",1,0.595858368,0.01,0.723073189,0.07,0.468643546,0,6.8,-11.494,-13.043,-47.3333333333333,0.666666666666667,1102.86666666667,-28.6666666666667,2257.62,-0.333333333333333,-74.6363636363636,-0.25,0,1.09090909090909,0,0,13.0454545454545,0,45.6363636363636,1068.44210526316,-0.03,78,25.1818181818182,-6.54272727272727,-10.74,-18.9090909090909
"33","SMC00464","SMC00464_39941_BMI_RWB_1","5/8/09",1,0.916498553,0.3,0.868997721,0.25,0.963999384,0.42,4.57142857142857,0.00285714285714286,0.0495238095238095,-4.54545454545455,NA,NA,NA,-0.01,0,1,0,0,0.25,0,0,-7.25,0,-8.2,0.723913043478261,0.0025,2.78260869565217,3.35,-0.004,0.0265,-0.181818181818182
"34","SMC00476","SMC00476_39972_BMI_RWB_1","6/8/09",1,1.148016241,0.82,1.269379807,0.92,1.026652675,0.56,18.5789473684211,-0.0321052631578947,0.6,0.157894736842105,NA,NA,NA,0,0,1,1.25,0,0,0,0,0,0,-0.842105263157895,0,-0.000526315789473685,1,-16.7894736842105,0.607894736842105,0.193684210526316,17.7894736842105
"35","SMC00479","SMC00479_40737_BMI_RWB_2","7/13/11",2,0.452731714,0,0.52730343,0.01,0.378159997,0,1.28571428571429,0.00142857142857143,0.0157142857142857,-26.7857142857143,-4,14.25,-6,13.36,0,-34.3,-16.5,0,1.2,-1.5,-0.5,14.1,-11.125,-39.3571428571429,9.855,0,12.5714285714286,30.4285714285714,-0.00928571428571429,-0.133571428571429,-17.8571428571429
"36","SMC00480","SMC00480_39946_BMI_RWB_2","5/13/09",2,1.059491984,0.64,1.097036925,0.69,1.021947043,0.55,0,0,0,0,NA,NA,NA,0,0,-0.1,1.33333333333333,0,0,1,0,0.1,-4.83333333333333,0,0.056,0,11.2,0,0.0025,0.0225,0
"37","SMC00520","SMC00520_41072_BMI_RWB_1","6/12/12",4,0.930797734,0.33,0.973645324,0.44,0.887950144,0.27,-0.333333333333333,-0.038,-0.014,-0.6,0,4.98,-1,3.57,0,-2.27272727272727,0,0,0.181818181818182,0,0,3.31818181818182,0,-0.117647058823529,0.301739130434783,0,-0.173913043478261,0.823529411764706,0.26,-0.962352941176471,-1
"38","SMC00544","SMC00544_40716_BMI_RWB_1","6/22/11",1,1.08409149,0.7,1.184380837,0.83,0.983802143,0.46,7.33333333333333,0.00111111111111111,-0.162222222222222,-6.54545454545455,-9,-0.07,0,0.02,0,-0.7,0,0,0.1,0,0,1.4,0,-6.36363636363636,0.05,0,-0.181818181818182,1,0.00727272727272727,-0.00545454545454546,-1.18181818181818
"39","SMC00608","SMC00608_40721_BMI_RWB_1","6/27/11",1,0.720595219,0.04,0.83374274,0.19,0.607447699,0.01,4.15384615384615,0.337692307692308,1.38692307692308,-15.3125,-15,11.5425,-15.25,75.17,-16,-1.88888888888889,-5.75,0,0.111111111111111,-0.25,-4.25,-0.222222222222222,2,-40.5,2.036875,0,25.1875,30.7142857142857,2.13928571428571,-5.45571428571429,-6
"40","SMC00632","SMC00632_40707_BMI_RWB_2","6/13/11",2,0.549301949,0,0.725270028,0.07,0.373333871,0,2.85714285714286,0.00357142857142857,-0.0107142857142857,-11.6111111111111,7.5,0.135,-20.5,7.58,0,-11.0833333333333,0,0,0.0833333333333333,0,0,-0.375,0,-33.8888888888889,1.36333333333333,0.00333333333333333,22.2777777777778,27.9444444444444,0.0811111111111111,-0.0111111111111111,-5.66666666666667
"41","SMC00684","SMC00684_40721_BMI_RWB_1","6/27/11",1,0.436533265,0,0.444357593,0,0.428708937,0,-25.1,0.001,-0.466,-12.4666666666667,-8.33333333333333,33.1466666666667,-31,96.33,-70,-29.375,-45.3333333333333,5,0.625,0.666666666666667,26.5,5.3125,8,-55.8,-23.3753333333333,0.00133333333333333,43.3333333333333,71.1428571428571,1.36428571428571,4.96357142857143,-24.4285714285714
"42","SMC00710","SMC00710_39952_BMI_RWB_1","5/19/09",1,0.66088512,0.02,0.789535937,0.13,0.532234303,0,-118.5,-0.005,-0.37,41.2,1,104.69,-7,89.25,-24,-356.333333333333,-96,2,4.16666666666667,1,-21.5,139.833333333333,16.6666666666667,-41.75,208.594,0,73.6,91.5,-1.97,-2.3,-35
"43","SMC00748","SMC00748_40715_BMI_RWB_1","6/21/11",1,0.277914767,0,0.234293392,0,0.321536142,0,-12.7777777777778,0.0644444444444444,-1.18666666666667,-3.06666666666667,-14,2.92666666666666,-30,323.34,-21,-35.6666666666667,-20.3333333333333,1,0.222222222222222,1.66666666666667,-4,18.2777777777778,7.83333333333333,-41.9333333333333,55.796,0.0606666666666667,38.8666666666667,46.8461538461538,-1.86230769230769,-1.15,-17.1538461538462
"44","SMC00827","SMC00827_39979_BMI_RWB_1","6/15/09",1,1.024966561,0.56,1.255078406,0.91,0.794854717,0.13,0.0588235294117647,0.0135294117647059,-0.0141176470588235,0.136363636363636,0,4.925,0,3.47,0,0,0,0,0,0,0,0,0,-0.105263157894737,1.17521739130435,0.00105263157894737,0,0.117647058823529,0.0394117647058824,-3.30235294117647,-0.0555555555555556
"45","SMC00873","SMC00873_39952_BMI_RWB_1","5/19/09",1,0.671871653,0.02,0.859490192,0.23,0.484253114,0,-28.5555555555556,0.0211111111111111,0.12,8.92307692307692,2,8.24,-47,47.54,-0.5,-85.5454545454545,-5.25,0,2.18181818181818,-0.75,0,19.0454545454545,-0.625,-41.1538461538462,18.5861538461538,0.0669230769230769,50.0769230769231,69.1538461538462,0.0123076923076923,-3.00230769230769,-19.0769230769231
"46","SMC00899","SMC00899_40736_BMI_RWB_1","7/12/11",1,0.318738524,0,0.338965497,0,0.298511551,0,123.75,-0.2275,-0.21,-67.25,NA,NA,NA,75.26,-121,-310.666666666667,-206,0,2.33333333333333,0.5,-64,78.6666666666667,-33,-121.25,21.3677777777778,0,77.8888888888889,64.6666666666667,-0.146666666666667,-2.64,15
"47","SMC00911","SMC00911_39968_BMI_RWB_1","6/4/09",1,1.009778711,0.52,1.292700876,0.94,0.726856545,0.06,0.142857142857143,0.000714285714285714,0.00142857142857143,-1.27272727272727,0,0.51,0,0.46,0,0,0,0,0,0,0,0,0,-0.0588235294117647,0.0254545454545455,0,0.363636363636364,-0.0666666666666667,0.01,0.044,0.0666666666666667
"48","SMC00924","SMC00924_41072_BMI_RWB_1","6/12/12",4,0.80979286,0.12,0.784739638,0.13,0.834846081,0.18,4.78947368421053,0.0242105263157895,0.0273684210526316,-0.842105263157895,-3.5,0.305,0,2.14,0,-112.7,-112,0,2.2,1.75,0,4.15,18.625,-26.5263157894737,0.218421052631579,-0.0173684210526316,25.6842105263158,21.7894736842105,0.272631578947368,0.605263157894737,3.89473684210526
"49","SMC00957","SMC00957_40350_BMI_RWB_1","6/21/10",1,0.773190704,0.08,0.925608641,0.35,0.620772767,0.02,60.25,-0.075,-0.0325,-5,-5,317.69,0,114.99,0.333333333333333,-324.3,0,0.333333333333333,1.3,0.25,-4.66666666666667,114.15,-3.5,37.2857142857143,73.3966666666667,-0.0757142857142857,45,22.1428571428571,-0.0657142857142857,-0.248571428571429,-13.1428571428571
"50","SMC00958","SMC00958_40743_BMI_RWB_1","7/19/11",1,0.253333106,0,0.218268008,0,0.288398205,0,-22.3,0.003,0.243,-19,NA,NA,NA,80.14,0,-32.2222222222222,-11,0,0.444444444444444,-0.5,0,-6.05555555555556,-10.75,-54,33.7192857142857,0.00785714285714286,35,68.7142857142857,-0.0235714285714286,-1.39857142857143,-33.7142857142857
"51","SMC01040","SMC01040_39973_BMI_RWB_1","6/9/09",1,1.198422928,0.89,1.314497154,0.95,1.082348702,0.68,1.07692307692308,-0.00615384615384615,0.00307692307692308,-0.6,-0.5,-0.215,-1,-0.06,-0.5,0.1,0,0,0,0,0,-0.1,0,-0.1,0.0857894736842105,0,-0.105263157894737,-0.916666666666667,0.311666666666667,0.03,0.625
"52","SMC01046","SMC01046_39954_BMI_RWB_1","5/21/09",1,0.651900132,0.01,0.797682095,0.14,0.506118169,0,-12.2608695652174,-0.149565217391304,0.131739130434783,1.8695652173913,-0.222222222222222,4.77666666666667,-10.7777777777778,84.07,-7,-30.375,-8.33333333333333,-1,1.125,0.666666666666667,0,-11.5,7.66666666666667,-13.6363636363636,30.4008695652174,0.0418181818181818,15.7272727272727,25.6363636363636,1.88318181818182,0.544545454545455,-10.3478260869565
"53","SMC01096","SMC01096_40336_BMI_RWB_1","6/7/10",1,0.58731115,0.01,0.706004476,0.06,0.468617825,0,0,-0.028,0.00133333333333333,-0.952380952380952,0,5.75,-1,3.54,0,-2.54545454545455,0.2,0,0.181818181818182,0,0,3.81818181818182,0,-0.684210526315789,0.631304347826087,0,-0.217391304347826,0.352941176470588,0.314705882352941,-0.185294117647059,-0.470588235294118
"54","SMC01155","SMC01155_39945_BMI_RWB_1","5/12/09",1,1.007788071,0.52,1.23785983,0.89,0.777716312,0.11,-1.83333333333333,0.0358333333333333,0.0325,0.823529411764706,0,0.01,-1,-0.01,0,0,0,0,0,0,0,-0.0833333333333333,0,-3.3125,1.01647058823529,0,13.8823529411765,4.5,0.3575,0.124375,-2.0625
"55","SMC01161","SMC01161_40325_BMI_RWB_1","5/27/10",1,1.001322822,0.5,1.29238977,0.94,0.710255874,0.05,5,0.02625,0.04625,-10,NA,NA,NA,2.86,0,-19.1666666666667,0,0,0.333333333333333,0,0,11.2916666666667,0,2.54545454545455,3.32714285714286,0.000909090909090909,42.1904761904762,4.36363636363636,-0.00727272727272727,0.00545454545454546,-4.72727272727273
"56","SMC01172","SMC01172_39988_BMI_RWB_2","6/24/09",2,0.740059326,0.05,0.765754015,0.11,0.714364636,0.06,8.39130434782609,0.00260869565217391,0.229130434782609,-12.4782608695652,NA,NA,NA,0.01,0,-15.75,-0.2,0,0.666666666666667,0,0,8.70833333333333,0,-10.695652173913,0.420434782608696,-0.300869565217391,-1.78260869565217,2.47826086956522,0.266086956521739,0.331739130434783,-4.26086956521739
"57","SMC01196","SMC01196_40373_BMI_RWB_1","7/14/10",1,0.774740666,0.08,0.849111102,0.21,0.70037023,0.05,NA,NA,NA,-0.333333333333333,NA,NA,NA,0,-1,0.3,-0.25,0,0,0,0,-0.2,0,-0.5,0.144285714285714,0,0,-4.5,0,0.0325,4.5
"58","SMC01208","SMC01208_40337_BMI_RWB_1","6/8/10",1,0.48967418,0,0.516031075,0.01,0.463317285,0,-27.1875,0.334375,1.2525,-8.25,5,148.74,-34.75,846.09,0,-10.0909090909091,0,0,0.636363636363636,0,0,1.54545454545455,0,-53.6315789473684,204.846,0.00105263157894737,50.3,65.0526315789474,-1.07052631578947,-25.4221052631579,-25.1578947368421
"59","SMC01215","SMC01215_40737_BMI_RWB_1","7/13/11",1,0.851367778,0.18,1.048584436,0.6,0.65415112,0.03,-20,4.09125,-8.05125,13.1904761904762,1,622.155,0,462.83,0,0,0,0,0,0,0,0,0,7.41176470588235,241.412857142857,-2.0488232230057e-19,28.1428571428571,1.64705882352941,14.3311764705882,-4.38411764705882,-1.64705882352941
"60","SMC01248","SMC01248_40750_BMI_RWB_1","7/26/11",1,1.071042685,0.67,1.202956752,0.86,0.939128619,0.37,0,-0.00166666666666667,-0.00166666666666667,0,NA,NA,NA,0.75,0,-93.3,0,0,0.7,0,0,41.8,0,-0.5,0.38875,0,10.625,0.4,-0.002,0.216,0
"61","SMC01257","SMC01257_40710_BMI_RWB_1","6/16/11",1,0.682498654,0.02,0.878579603,0.26,0.486417705,0,-27.2857142857143,0.01,0.11,-1.16666666666667,-5,8.4,-47,47.07,-0.333333333333333,-75.5454545454545,-3.5,-0.333333333333333,2.27272727272727,-0.5,12.3333333333333,21.6363636363636,1.75,-50.4166666666667,17.4725,0,49.25,61.6363636363636,-0.0127272727272727,-3.36181818181818,-19.0909090909091
"62","SMC01260","SMC01260_41106_BMI_RWB_1","7/16/12",1,0.522869031,0,0.622019238,0.02,0.423718824,0,14.8461538461538,-9.75384615384615,-11.3246153846154,-36.0555555555556,1.66666666666667,-107.213333333333,-30.3333333333333,879.39,-0.5,-1.3,0,0,0.1,0,0,-3.55,0,-6.42857142857143,749.709473684211,-0.0285714285714286,59.1578947368421,23.8571428571429,-6.79785714285714,-42.0442857142857,-7.57142857142857
"63","SMC01320","SMC01320_40336_BMI_RWB_1","6/7/10",1,0.601658146,0.01,0.772235524,0.12,0.431080768,0,-0.75,-0.0241666666666667,-0.0225,-0.666666666666667,1,2.72,0,0.28,-0.5,0,-1.5,0,0,0.25,-0.25,-0.15,15.875,2.66666666666667,0.807368421052632,0,-2.33333333333333,-2.30769230769231,-0.110769230769231,-0.0238461538461539,-0.75
"64","SMC01341","SMC01341_39986_BMI_RWB_1","6/22/09",1,0.348940083,0,0.336635123,0,0.361245042,0,NA,NA,NA,83,NA,NA,NA,3013.98,NA,-254,-1,NA,6,-1,NA,44,17.5,NA,NA,NA,NA,NA,NA,NA,-2
"65","SMC01358","SMC01358_40715_BMI_RWB_1","6/21/11",1,0.396114756,0,0.513906759,0.01,0.278322752,0,-1.71428571428571,0.00285714285714286,-0.0957142857142857,-29.75,NA,NA,NA,15.32,0,-40,-16,0,2.14285714285714,-2.5,0,5.92857142857143,-24.75,-78.1666666666667,5.6075,0,48.4166666666667,84.25,-0.0475,-0.37,-35.8333333333333
"66","SMC01413","SMC01413_41102_BMI_RWB_1","7/12/12",3,NA,NA,0,0,NA,NA,NA,NA,NA,0,0,0,0,0,0,0,0,0,0,0,0,0,0,0,0,0,0,0,0,0,0
"67","SMC01424","SMC01424_39995_BMI_RWB_1","7/1/09",1,0.850777633,0.18,0.801513325,0.15,0.900041941,0.29,0,-0.0125,-0.0125,0,NA,NA,NA,-0.01,0,0,0,0,0,0,0,0,0,0.4,0.550588235294118,0,-1.94117647058824,-0.4,-0.008,0.55,0
"68","SMC01452","SMC01452_40374_BMI_RWB_1","7/15/10",1,0.391205247,0,0.439246769,0,0.343163724,0,NA,NA,NA,-8.33333333333333,NA,NA,NA,7.74,-56.5,-50.4285714285714,-65,4.5,1.57142857142857,3.5,7,13.2142857142857,2.5,-52,-0.996666666666666,0.0266666666666667,43.6666666666667,71.6,0.338,0.778,-17.8
"69","SMC01454","SMC01454_41106_BMI_RWB_2","7/16/12",2,0.694017063,0.03,0.810956433,0.16,0.577077692,0.01,-8.8,0.009,-0.072,-5.71428571428571,-9,-8.77666666666667,-30.6666666666667,56.71,-0.5,-39.5,0.25,-0.5,0.625,0.25,0.5,11.9375,-7.625,-49.8571428571429,-0.507142857142856,0.00142857142857143,44.1428571428571,57.3571428571429,-0.172142857142857,0.0607142857142857,-13.2142857142857
"70","SMC01504","SMC01504_40722_BMI_RWB_1","6/28/11",1,0.904233718,0.28,0.90734173,0.31,0.901125706,0.29,0,0,0,0,NA,NA,NA,0,0,0,0,0,0,0,0,0,0,0,0,0,0,0,0,0,0
"71","SMC01544","SMC01544_40373_BMI_RWB_1","7/14/10",1,0.799508611,0.11,0.900984067,0.3,0.698033155,0.05,-0.833333333333333,-0.0216666666666667,-0.0158333333333333,-0.0666666666666667,1,2.75,0,0.29,-1.5,-0.7,-1.75,0,0,-0.5,0,-0.05,-13.625,1.83333333333333,0.583157894736842,0,-1.27777777777778,-0.692307692307692,-0.693846153846154,-0.589230769230769,-0.875
"72","SMC01550","SMC01550_39989_BMI_RWB_1","6/25/09",1,0.641042929,0.01,0.647990348,0.03,0.634095509,0.02,-3.34782608695652,0.000869565217391304,0.204347826086957,-10,NA,NA,NA,0.11,0,-16.25,0.2,0,0.583333333333333,0,0,10.8333333333333,-0.2,-9.21739130434783,0.469565217391304,-0.440434782608696,-0.782608695652174,12.8260869565217,0.11304347826087,0.302173913043478,-13.6086956521739
"73","SMC01567","SMC01567_40338_BMI_RWB_1","6/9/10",1,0.658765169,0.02,0.953862683,0.4,0.363667656,0,-0.111111111111111,0,0,-0.238095238095238,NA,NA,NA,0,0,0,0,0,0,0,0,0,0,0.166666666666667,0.00772727272727273,-0.000833333333333333,0.772727272727273,0,0.0145454545454545,0.0127272727272727,0
"74","SMC01606","SMC01606_39959_BMI_RWB_1","5/26/09",1,0.688425845,0.03,0.865521978,0.24,0.511329712,0,163.5,-0.03,0.115,-124.166666666667,1,50.51,-8,27.34,-18,-313.333333333333,-98.75,1,3,1,1.25,132.055555555556,89.875,-8.5,44.2983333333333,0,131.2,77.5,-0.98,-0.65,-25
"75","SMC01640","SMC01640_39993_BMI_RWB_1","6/29/09",1,0.357048831,0,0.330126871,0,0.38397079,0,NA,NA,NA,NA,NA,NA,NA,0,-361.333333333333,0,0,0,0,0,148.333333333333,0,0,NA,1.76695652173913,NA,20.0869565217391,NA,NA,NA,NA
"76","SMC01656","SMC01656_41066_BMI_RWB_1","6/6/12",1,0.686240789,0.03,0.835844727,0.19,0.53663685,0,5.07142857142857,0.0107142857142857,0.01,-14.5,-0.25,1.46,-32.75,21.56,0,-9.27272727272727,-0.25,0,-0.0909090909090909,0,0,4.63636363636364,0.25,-36.5,8.47111111111111,0,22,29.1111111111111,-0.0544444444444444,-0.219444444444444,-7.11111111111111
"77","SMC01662","SMC01662_41099_BMI_RWB_1","7/9/12",1,0.578502378,0,0.699027832,0.06,0.457976923,0,-19.9,0.005,-1.12,-18.1428571428571,-19,5.08,-30,139.59,0,-41.375,0.333333333333333,0,0.75,0.333333333333333,0,9.4375,-6.5,-55.2142857142857,40.71,0,37.0714285714286,64.8571428571429,-0.340714285714286,-2.95571428571429,-27.7857142857143
"78","SMC01692","SMC01692_40714_BMI_RWB_1","6/20/11",1,0.812922676,0.12,1.003022127,0.51,0.622823226,0.02,NA,NA,NA,0,NA,NA,NA,0,0.5,0,-340.5,0,0,4.25,0,0,168.875,0,0.828421052631579,0,8.05263157894737,3.66666666666667,0,-0.0833333333333333,-3.66666666666667
"79","SMC01694","SMC01694_40357_BMI_RWB_1","6/28/10",1,0.388297325,0,0.358334771,0,0.418259879,0,-20.7391304347826,0.00173913043478261,0.124782608695652,10.5217391304348,NA,NA,NA,53.59,0,-30.75,-45,0,1.75,1.4,0,22.5833333333333,11,-8,20.9539130434783,0.0604545454545455,18.5217391304348,28.6521739130435,0.292173913043478,0.740434782608696,-10.1304347826087
"80","SMC01726","SMC01726_40359_BMI_RWB_1","6/30/10",1,0.588948765,0.01,0.668371896,0.04,0.509525634,0,8,-1.74733333333333,-2.466,-23.0909090909091,NA,NA,NA,667.48,0.333333333333333,-3.63636363636364,-0.25,0.333333333333333,-0.0909090909090909,-0.25,-0.333333333333333,-10.8636363636364,7.5,23.125,294.79347826087,-0.0225,69.6521739130435,34.75,-1.310625,-6.160625,-19.3125
"81","SMC01748","SMC01748_39967_BMI_RWB_1","6/3/09",1,0.711801082,0.04,0.843264207,0.21,0.580337956,0.01,-4.85714285714286,0.298571428571429,3.22285714285714,-8.21428571428571,-1.5,80.21,-38,268.21,-7.5,-48.3636363636364,-22.3333333333333,0.5,1.54545454545455,0.333333333333333,2,5.72727272727273,22.5,-29.7142857142857,111.059285714286,0,21.5,41.7857142857143,4.32428571428571,24.6478571428571,-20.2857142857143
"82","SMC01772","SMC01772_41101_BMI_RWB_1","7/11/12",1,0.596048426,0.01,0.673523331,0.04,0.518573522,0,6.4,0,-0.026,-10.5833333333333,1,1.71,-13,5.43,-26,-39.375,-35.6666666666667,0,1.25,0.333333333333333,-0.25,-1,7.16666666666667,-43.6666666666667,2.4775,0.000833333333333333,33.0833333333333,43.2727272727273,-0.0309090909090909,-0.0236363636363636,-7.09090909090909
"83","SMC01808","SMC01808_40707_BMI_RWB_1","6/13/11",1,0.812240229,0.12,0.934783777,0.37,0.689696681,0.04,0.125,0,0,-0.307692307692308,NA,NA,NA,0,0,0.769230769230769,0,0,0.230769230769231,0,0,-0.384615384615385,0,-0.5,0.31,0,10.0555555555556,0,0.0283333333333333,0.0233333333333333,0.0833333333333333
"84","SMC01860","SMC01860_39961_BMI_RWB_1","5/28/09",1,0.576501537,0,0.643112823,0.03,0.509890251,0,163.2,-0.298,-0.272,-93.125,NA,NA,NA,252.53,-207,-361.125,-212,3,1.5,4,18,140.1875,-6,-51,203.473333333333,0,91.3333333333333,-54,-0.355,1.645,13.3333333333333
"85","SMC01912","SMC01912_41102_BMI_RWB_1","7/12/12",1,0.409708088,0,0.431699651,0,0.387716525,0,53.3333333333333,0,0.0166666666666667,-30.8888888888889,NA,NA,NA,5.21,0,-18.3,0,0,0.6,0,0,-7.15,-19.6666666666667,-78,0.0877777777777777,0.00333333333333333,47.1111111111111,40,-0.0211111111111111,-0.181111111111111,7.11111111111111
"86","SMC01934","SMC01934_41075_BMI_RWB_1","6/15/12",1,0.562595219,0,0.67890659,0.05,0.446283848,0,-13,1.315,23.435,6.28571428571429,NA,NA,NA,240.68,-22,-182.625,-21,0,5,-0.333333333333333,0,48.4375,-14.3333333333333,-42.8571428571429,-53.7528571428571,0,49.1428571428571,66,30.1771428571429,47.4114285714286,-16.8571428571429
"87","SMC01960","SMC01960_40352_BMI_RWB_1","6/23/10",1,0.482040341,0,0.474645402,0,0.48943528,0,-10.4444444444444,0.115555555555556,0.945555555555556,-8.6,NA,NA,NA,115.98,0,-39.9,-4.6,0,2.6,-0.2,6.66666666666667,18.35,-20.5,-36.8,7.896,0,28.2,42.3333333333333,0.26,-0.681333333333333,-14.1333333333333
"88","SMC01987","SMC01987_41075_BMI_RWB_2","6/15/12",2,0.657233154,0.02,0.831100835,0.19,0.483365473,0,-71.75,0.01,-0.615,4.66666666666667,1,2.41,-28,94.75,-10,-198.4,-64.6666666666667,1,1.8,1,-10.75,42.9,-24,-41.5555555555556,32.4711111111111,0,46.2222222222222,93,0.0366666666666667,-2.19888888888889,-46.7777777777778
"89","SMC01990","SMC01990_39954_BMI_RWB_1","5/21/09",1,0.607291967,0.01,0.676875129,0.04,0.537708806,0,73,-1.48,-0.705,-31.1666666666667,0,25.35,-8,30.11,-10.5,-319.666666666667,-11.25,0,3.44444444444444,0.5,12.5,102.888888888889,-14.75,-1.25,39.1066666666667,-0.0125,86.8,84.25,-0.3025,-0.34,-28.2
"90","SMC02028","SMC02028_41102_BMI_RWB_1","7/12/12",1,0.670937641,0.02,0.811309397,0.16,0.530565885,0,-7.83333333333333,0.56,-0.183333333333333,0.333333333333333,-1,75.6333333333333,-40.3333333333333,59.63,-17.5,-13.2,-38.3333333333333,1,2.1,0.333333333333333,5.25,-0.65,-8.83333333333333,-23,29.8958333333333,0.00166666666666667,23.3333333333333,35.8333333333333,-3.2,0.490833333333333,-12.5
"91","SMC02075","SMC02075_41107_BMI_RWB_1","7/17/12",1,0.847725191,0.17,0.914043167,0.33,0.781407214,0.11,0,0,0,-0.909090909090909,NA,NA,NA,0.1,0,-10.5833333333333,0,0,0.0833333333333333,0,0,18.1666666666667,0,0,-0.0145454545454545,0,0,0,0.0275,0,0
"92","SMC02088","SMC02088_40708_BMI_RWB_1","6/14/11",1,0.8118037,0.12,1.026116662,0.55,0.597490739,0.01,20.1304347826087,0.103478260869565,0.190869565217391,-13.304347826087,1,9.39,3,7.8,0,-114.583333333333,-112.8,0,1.33333333333333,0.8,0,26,48.8,-23.8695652173913,4.54478260869565,-0.00130434782608696,10.5652173913043,3.73913043478261,0.151304347826087,0.755652173913044,6.82608695652174
"93","SMC02092","SMC02092_40708_BMI_RWB_1","6/14/11",1,0.835424967,0.15,1.019237288,0.54,0.651612645,0.03,NA,NA,NA,-0.166666666666667,NA,NA,NA,0,0,0,0.75,0,0,0.25,0,0,-4,-0.333333333333333,1.07666666666667,0,0,0.333333333333333,-0.00666666666666667,0.103333333333333,-0.333333333333333
"94","SMC02139","SMC02139_41107_BMI_RWB_1","7/17/12",1,1.118239994,0.77,1.190035878,0.84,1.046444111,0.6,0,0,0,-0.818181818181818,NA,NA,NA,0.03,0,-5.91666666666667,0,0,0,0,0,9.83333333333333,0,0,-0.00636363636363636,0,0,0,0.01,0.0025,0
"95","SMC02152","SMC02152_40373_BMI_RWB_1","7/14/10",1,0.604122906,0.01,0.657952035,0.04,0.550293777,0.01,-31.0434782608696,0.00478260869565217,0.618695652173913,8.56521739130435,NA,NA,NA,198.46,0.333333333333333,-38.8333333333333,-59.4,0,1.5,1.8,-0.166666666666667,21.5,14.6,-15.1739130434783,72.0408695652174,-0.336190476190476,23.7391304347826,43.7826086956522,0.0543478260869565,1.97,-20.0434782608696
"96","SMC02206","SMC02206_40743_BMI_RWB_1","7/19/11",1,0.510156172,0,0.555804673,0.01,0.464507671,0,-17,0.0216666666666667,-0.0933333333333333,-9.33333333333333,-9.66666666666667,28.68,-30,28.12,-42.6666666666667,-59.1818181818182,-69.5,1,1.81818181818182,1.5,7.33333333333333,4.27272727272727,39.875,-47.0833333333333,13.36,0.0216666666666667,37.75,64.0833333333333,-0.216666666666667,-1.15166666666667,-26.3333333333333
"97","SMC02228","SMC02228_39987_BMI_RWB_1","6/23/09",1,0.669102653,0.02,0.824669024,0.18,0.513536282,0,3.5,-13.4735714285714,-20.0414285714286,-4.77272727272727,0,-2294.04,-9,4471.13,-0.333333333333333,-2.5,-0.25,-0.333333333333333,-0.166666666666667,-0.25,-4.5,0.75,0.25,27.5294117647059,880.388260869565,-0.0152941176470588,63.0869565217391,24.9333333333333,-8.218,-51.0106666666667,-13
"98","SMC02270","SMC02270_40359_BMI_RWB_1","6/30/10",1,0.622621618,0.01,0.805000641,0.15,0.440242596,0,8.33333333333333,0,0.0133333333333333,9.83333333333333,NA,NA,NA,0.46,0,-344.8,-0.2,0,8.5,0.2,0,134,7.4,-30.8333333333333,0.648333333333333,0.0583333333333333,40.6666666666667,21.8333333333333,0.0216666666666667,0.085,18.8333333333333
"99","SMC02302","SMC02302_41470_BMI_RWB_1","7/15/13",1,0.1885897,0,0.115593348,0,0.261586052,0,-4.75,0.01,0.4475,1,NA,NA,NA,101.7,-60,-270.625,-39.6666666666667,5,1.125,2,42,32.875,-4.83333333333333,-54.5714285714286,71.8271428571429,0.0471428571428571,55.5714285714286,84.1428571428571,0.127142857142857,-0.462857142857143,-28.5714285714286
"100","SMC02436","SMC02436_39961_BMI_RWB_1","5/28/09",1,0.610104155,0.01,0.76270814,0.11,0.45750017,0,164,-0.3375,-0.285,-83,NA,NA,NA,310.35,-211,-361,-216,1,1.5,5,21.5,118.0625,17.5,-85,180.023333333333,0,97.6666666666667,-42,5.905,4.165,15.2
"101","SMC02536","SMC02536_40723_BMI_RWB_1","6/29/11",1,0.61035672,0.01,0.687994522,0.05,0.532718918,0,-17.0434782608696,0.00434782608695652,0.151304347826087,6.8695652173913,NA,NA,NA,20.31,0,-37.5833333333333,-0.4,0,1.58333333333333,0,-0.5,14.2916666666667,-0.1,-7.04347826086957,10.3121739130435,-0.15,13.9130434782609,23.3913043478261,0.383913043478261,-0.0295652173913043,-9.47826086956522
"102","SMC02548","SMC02548_40368_BMI_RWB_1","7/9/10",1,0.999637309,0.5,0.966563298,0.43,1.03271132,0.57,-0.333333333333333,0.00666666666666667,-0.01,-0.545454545454545,-1,-0.01,1,1.16,0,-84.2727272727273,0,0,-0.181818181818182,0,0,11.2272727272727,0,-0.545454545454545,0.321818181818182,0,0,0.545454545454545,0.02,-0.0918181818181818,-0.545454545454545
"103","SMC02568","SMC02568_41072_BMI_RWB_2","6/12/12",2,0.877339609,0.22,1.023085638,0.55,0.73159358,0.07,-3.61111111111111,0.0538888888888889,0.226666666666667,0.421052631578947,NA,NA,NA,0,0,2.21052631578947,3.25,0,0.105263157894737,1.5,0,1.71052631578947,-13.25,1.52631578947368,0.337894736842105,-0.00736842105263158,-1.10526315789474,2.44444444444444,0.222777777777778,1.37722222222222,-3.11111111111111
"104","SMC02591","SMC02591_40745_BMI_RWB_1","7/21/11",1,0.929770024,0.33,0.975674598,0.45,0.88386545,0.26,0,0,0,0,NA,NA,NA,0,0,0,0,0,0,0,0,0,0,0,-0.00105263157894737,0,0,-0.181818181818182,0.0254545454545455,0,0.181818181818182
"105","SMC02622","SMC02622_40344_BMI_RWB_1","6/15/10",1,0.416283489,0,0.517270653,0.01,0.315296325,0,-43.2,-10.217,-17.714,-35.9444444444444,NA,NA,NA,1880.9,0,-1.6,-1.5,0,0.2,-0.75,-1.5,-10.15,1.875,28.0833333333333,773.577368421053,-0.0266666666666667,77.7368421052632,48.3636363636364,-5.66181818181818,-25.3090909090909,-33
"106","SMC02712","SMC02712_41067_BMI_RWB_1","6/7/12",1,0.990324669,0.48,1.251054292,0.91,0.729595045,0.07,5.65217391304348,0.00652173913043478,0.01,-5.52173913043478,NA,NA,NA,0,-20.6666666666667,0.5,0,-0.333333333333333,0.25,0,1.83333333333333,-1.58333333333333,0,-6.34782608695652,0.0369565217391304,-0.00260869565217391,0.826086956521739,0.695652173913043,-0.0130434782608696,0.0178260869565217,0.130434782608696
"107","SMC02884","SMC02884_40352_BMI_RWB_1","6/23/10",1,0.580362908,0,0.645934774,0.03,0.514791041,0,164,-0.306,-0.274,-93.625,NA,NA,NA,357.27,-212,-256,-210,1,1.2,3,21,38.4,18,-50.5,210.393333333333,0,91.3333333333333,-54.5,-0.365,1.95,13.5
"108","SMC02902","SMC02902_40757_BMI_RWB_1","8/2/11",1,0.78041601,0.09,1.008922689,0.52,0.55190933,0.01,157,0.17,0.615,-73.875,1,21.35,-9,67.94,-3.66666666666667,-275.222222222222,-77.3333333333333,0,2.22222222222222,0.666666666666667,12.1666666666667,126.166666666667,-8.5,20.75,46.5125,0.0075,99.75,44.5,-0.4025,-0.4525,-33.25
"109","SMC02972","SMC02972_41108_BMI_RWB_1","7/18/12",1,1.061015996,0.65,1.179361688,0.83,0.942670304,0.37,-3.21052631578947,0.0163157894736842,0.00842105263157895,2.84210526315789,NA,NA,NA,0,0,0.4,0.5,0,0,0,0,-0.05,-0.25,-2.84210526315789,0.0394736842105263,0.0821052631578947,5.68421052631579,6.10526315789474,0,0.136842105263158,-0.421052631578947
"110","SMC02984","SMC02984_40352_BMI_RWB_1","6/23/10",1,0.540908922,0,0.567199849,0.01,0.514617996,0,-16.4782608695652,0.00304347826086957,0.591739130434783,-3.69565217391304,NA,NA,NA,175.63,0.666666666666667,-45,0,0.333333333333333,1.5,0,6.66666666666667,19.75,0,-21.4782608695652,65.54,-0.192857142857143,17.7826086956522,36.7391304347826,0.028695652173913,-2.49,-18.9565217391304
"111","SMC03011","SMC03011_41438_BMI_RWB_1","6/13/13",1,0.645521408,0.01,0.789278567,0.13,0.501764249,0,-20.5714285714286,0.0271428571428571,0.212857142857143,-2.81818181818182,NA,NA,NA,80.61,-6,-85.5,-30,-0.5,1.4,0,-32.5,10.65,-25.5,-55.7272727272727,2.10090909090909,0,52.9090909090909,83.3636363636364,1.47363636363636,2.8,-30.4545454545455
"112","SMC03216","SMC03216_40751_BMI_RWB_1","7/27/11",1,0.966241012,0.42,0.981856095,0.46,0.950625929,0.39,-0.181818181818182,-0.00818181818181818,-0.00909090909090909,0.142857142857143,NA,NA,NA,-0.02,0,0.3,0,0,0.2,0,0,6.65,0,0.555555555555556,0.181578947368421,0,-0.157894736842105,0.272727272727273,-0.0854545454545454,-0.0290909090909091,-0.4
"113","SMC03268","SMC03268_39961_BMI_RWB_1","5/28/09",1,0.695677804,0.03,0.850225668,0.22,0.54112994,0.01,139.833333333333,0.065,1.44333333333333,-95.25,NA,NA,NA,458.31,-213,-361.375,-223,1,1.375,2,20.5,132.625,-1,-78.5,323.821111111111,0,92.5555555555556,-44,8.995,13.485,5.57142857142857
"114","SMC03280","SMC03280_40766_BMI_RWB_1","8/11/11",1,0.931069654,0.33,0.89661147,0.29,0.965527839,0.42,-0.909090909090909,-0.0118181818181818,-0.0181818181818182,0.333333333333333,-7,2.52,0,0.03,0,-1.5,0,0,0.2,0,0,0.8,0,0.545454545454545,0.285789473684211,0,-0.0526315789473684,0.454545454545455,0.121818181818182,-0.0909090909090909,-0.357142857142857
"115","SMC03304","SMC03304_40723_BMI_RWB_1","6/29/11",1,0.591738396,0.01,0.671240482,0.04,0.512236311,0,NA,NA,NA,NA,NA,NA,NA,0,-362.666666666667,0,-361.6,0.333333333333333,0,0.8,148.666666666667,0,150.7,NA,1.49347826086957,NA,34.1739130434783,NA,NA,NA,NA
"116","SMC03438","SMC03438_41092_BMI_RWB_1","7/2/12",1,0.831429441,0.15,1.03859787,0.58,0.624261012,0.02,-19.2173913043478,0.00173913043478261,0.0773913043478261,16.4347826086957,NA,NA,NA,7.29,0,-31.6666666666667,0,0,1.08333333333333,0,0,9.33333333333333,0,6.52173913043478,1.12086956521739,-0.264782608695652,9.91304347826087,12.8695652173913,0.362608695652174,0.169565217391304,-2.95652173913043
"117","SMC03523","SMC03523_41436_BMI_RWB_2","6/11/13",2,0.517912075,0,0.597910067,0.02,0.437914084,0,-41,0.008,0.026,2.22222222222222,-8,-2.41,-63,64.45,0,-168.7,-28.75,0,3,-0.5,0,7.8,-37.25,-47.6666666666667,18.0833333333333,0,49.8888888888889,76.5555555555556,0.09,-4.53333333333333,-26.6666666666667
"118","SMC03944","SMC03944_40371_BMI_RWB_1","7/12/10",1,0.428265381,0,0.450679454,0,0.405851308,0,-20.9130434782609,0.00173913043478261,0.0669565217391304,9.95652173913044,NA,NA,NA,5.87,-0.333333333333333,-27.8333333333333,-39,0,1,1,0,15.5,22.5,-4.1304347826087,1.51347826086957,-0.45695652173913,14.0869565217391,24.9130434782609,0.33695652173913,0.143478260869565,-10.8260869565217
"119","SMC03984","SMC03984_41078_BMI_RWB_1","6/18/12",1,0.731368232,0.05,0.775013382,0.12,0.687723082,0.04,2.375,-0.00875,0.06625,-1.26666666666667,0,0.01,0,-0.03,0,0,0,0,0,0,0,0,0,0,0.407058823529412,0,0,0.111111111111111,0.01,-0.496666666666667,-0.1
"120","SMC04000","SMC04000_41120_BMI_RWB_1","7/30/12",1,1.024990931,0.56,1.293637544,0.94,0.756344319,0.09,0.142857142857143,-0.00571428571428571,-0.00142857142857143,-0.6,NA,NA,NA,-0.01,0,0,0,0,0,0,0,0,0,0.111111111111111,0.825625,0.00222222222222222,-0.0625,0,0.0255555555555556,0.0266666666666667,-0.1
"121","SMC04008","SMC04008_41079_BMI_RWB_1","6/19/12",1,0.871468272,0.21,1.097318517,0.7,0.645618026,0.02,0.714285714285714,0.15,1.47,-12,0,101.59,-61,238.77,-9.5,-50.0909090909091,-15.3333333333333,0.5,1.36363636363636,0.333333333333333,32.5,8.22727272727273,-11.1666666666667,-40.7142857142857,78.7235714285714,0,28.7142857142857,46.7142857142857,0.145714285714286,-1.51571428571429,-18
"122","SMC04134","SMC04134_40750_BMI_RWB_1","7/26/11",1,0.77333209,0.08,0.868412406,0.24,0.678251774,0.04,NA,NA,NA,0,NA,NA,NA,0,0,0,0,0,0,0,0,0,0,0,137.734782608696,-0.005,0,0,0,0,0
"123","SMC04175","SMC04175_39975_BMI_RWB_1","6/11/09",1,0.883390898,0.23,0.941029237,0.38,0.82575256,0.17,-20.2727272727273,-0.221818181818182,-0.492727272727273,4.33333333333333,NA,NA,NA,36.52,0,-0.166666666666667,0,0,-0.0833333333333333,0,0,1.54166666666667,0,10.9333333333333,3.30090909090909,0,31.3636363636364,5.16666666666667,-0.0633333333333333,0.1475,-1.08333333333333
"124","SMC04204","SMC04204_41101_BMI_RWB_1","7/11/12",1,0.971601847,0.43,1.215843863,0.87,0.727359831,0.06,-19.7368421052632,0.0242105263157895,0.136315789473684,0.105263157894737,NA,NA,NA,0.27,0,-105.3,0,0,1.1,0,0,42.15,0,-5.57894736842105,0.159473684210526,-0.0878947368421053,5.68421052631579,23.9473684210526,-0.14,0.0194736842105263,-18.2631578947368
"125","SMC04239","SMC04239_39975_BMI_RWB_1","6/11/09",1,0.872204764,0.21,1.055283193,0.61,0.689126334,0.04,-10.4166666666667,-0.135,-0.5025,-12.5238095238095,NA,NA,NA,39.45,0,0,0,0,0,0,0,0,0,4.93333333333333,45.1222727272727,0,37.4545454545455,1.07692307692308,0.174615384615385,0.595384615384615,-1.07692307692308
"126","SMC04264","SMC04264_40368_BMI_RWB_1","7/9/10",1,0.531260106,0,0.528422196,0.01,0.534098016,0,3.71428571428571,0.0371428571428571,0.397142857142857,-11.5714285714286,NA,NA,NA,92.67,-20,-52.8181818181818,-15,0,0.909090909090909,0,-4.5,6.90909090909091,-21.3333333333333,-45.5,14.2764285714286,0,33.9285714285714,53.7857142857143,0.788571428571429,-1.97142857142857,-19.8571428571429
"127","SMC04294","SMC04294_41466_BMI_RWB_1","7/11/13",1,0.851577738,0.18,1.05454853,0.61,0.648606947,0.02,44,-1.19,-1.32333333333333,-58.3,0,23.64,-9,161.81,-1.33333333333333,-270.2,-9,0.333333333333333,1.9,0,-8,111.25,-10,-2.83333333333333,83.046,0.00333333333333333,95.4,48,-1.16166666666667,-1.21833333333333,-27.3333333333333
"128","SMC04308","SMC04308_39981_BMI_RWB_1","6/17/09",1,0.793161948,0.1,1.016949406,0.54,0.56937449,0.01,38.2857142857143,-0.19,-0.281428571428571,-48.9230769230769,NA,NA,NA,125,0,-150.1,-0.25,0,2.5,0,0,45.35,0,-6.55555555555556,129.143571428571,-0.0333333333333333,68.2142857142857,39.75,-0.27,-1.2675,-31.25
"129","SMC04383","SMC04383_40338_BMI_RWB_1","6/9/10",1,0.955334229,0.39,1.035430983,0.57,0.875237475,0.24,0.9,-0.007,-0.002,-0.285714285714286,NA,NA,NA,0,0,0,0,0,0,0,0,0,0,0.166666666666667,0.0336363636363636,-0.000833333333333333,0.772727272727273,-0.833333333333333,0.0308333333333333,0.0275,0.833333333333333
"130","SMC04426","SMC04426_40749_BMI_RWB_1","7/25/11",1,0.845455533,0.17,0.782740399,0.13,0.908170666,0.3,0,-0.005,-0.005,-22.5714285714286,0,0.32,0,0.53,0,-34,0,0,0.75,0,0,-22.5,0,0.6,0.34,0,-0.25,0,-0.0025,0.03,0
"131","SMC04432","SMC04432_41086_BMI_RWB_1","6/26/12",1,0.898596438,0.26,0.872294378,0.25,0.924898497,0.34,5.95652173913043,0.00695652173913044,0.0134782608695652,-5.82608695652174,NA,NA,NA,0,-29.6666666666667,2.5,0,0,0,0,12,0,0,-7,0.000434782608695652,-0.00217391304347826,1.17391304347826,1.04347826086957,0,0,0.130434782608696
"132","SMC04682","SMC04682_40749_BMI_RWB_1","7/25/11",1,1.151839335,0.83,1.204077963,0.86,1.099600708,0.71,NA,NA,NA,-0.8,NA,NA,NA,0,0,0,-22.25,0,0,1.25,0,0,-14.25,-1,0.242,0,0,0.75,0,-0.04,-0.75
"133","SMC04749","SMC04749_39987_BMI_RWB_1","6/23/09",1,0.612346376,0.01,0.648159101,0.03,0.576533651,0.01,75.25,0.025,0.1025,-35.2307692307692,-6,-18.74,-12,59.54,0,-120.555555555556,-0.5,0,2.77777777777778,-0.25,0,29.1666666666667,-4.5,24.875,35.5446153846154,-0.02125,60.4615384615385,17.5714285714286,-0.0485714285714286,-4.35571428571429,-14
"134","SMC04750","SMC04750_40729_BMI_RWB_1","7/5/11",1,1.001889098,0.5,1.173052684,0.82,0.830725512,0.17,-28.6521739130435,0.0373913043478261,0.573478260869565,14.6521739130435,NA,NA,NA,10.16,0,-24.8333333333333,-0.4,0,0.916666666666667,0.2,0,31.625,4.1,-5.69565217391304,-4.2695652173913,-0.279565217391304,20.3478260869565,34.304347826087,0.422173913043478,3.22173913043478,-13.9565217391304
"135","SMC04756","SMC04756_40366_BMI_RWB_1","7/7/10",1,0.556401801,0,0.639941915,0.03,0.472861687,0,172.4,-0.176,-0.128,-95.5,NA,NA,NA,226.53,-215,-360.875,-228,2,1.875,2,-1,127.8125,-1,-75,145.378888888889,0,95.8888888888889,-45,0.89,13.495,16.3333333333333
"136","SMC04806","SMC04806_41466_BMI_RWB_1","7/11/13",1,0.767225453,0.07,0.911586085,0.32,0.622864821,0.02,-143,-0.005,-0.3,50.5,-2,57.255,-27,100.74,-29,-358.5,-88.3333333333333,2,3.25,1,-21.5,145.1875,16.6666666666667,-24.4,170.968333333333,0.012,79.6666666666667,103.8,-1.792,-2.674,-36.6
"137","SMC04880","SMC04880_41066_BMI_RWB_1","6/6/12",1,1.004149301,0.51,1.238670239,0.9,0.769628363,0.1,4,0.0178260869565217,-0.00652173913043478,-4.08695652173913,NA,NA,NA,0,0,0.461538461538462,0,0,0.384615384615385,0,0,-3.80769230769231,0,-5.78260869565217,0.140434782608696,0,1.69565217391304,1.78260869565217,-0.0391304347826087,0.0208695652173913,-0.0869565217391304
"138","SMC05146","SMC05146_41100_BMI_RWB_1","7/10/12",1,0.986255668,0.47,1.088354172,0.68,0.884157164,0.26,-1,-0.00333333333333333,-0.00333333333333333,0.25,NA,NA,NA,0.87,-0.5,-30,-0.333333333333333,0,0.333333333333333,0,0,3.41666666666667,0,0.5,0.01125,0,0,0.75,0,-0.4475,-0.75
"139","SMC05199","SMC05199_40730_BMI_RWB_1","7/6/11",1,1.028813813,0.57,1.160963949,0.8,0.896663678,0.28,-21.0714285714286,-0.333571428571429,-0.738571428571429,8.71428571428571,NA,NA,NA,30.31,0,0,0,0,0,0,0,-4.66666666666667,0,20.6,21.0468181818182,0,29.1363636363636,1.2,-0.0553333333333333,0.159333333333333,-1.2
"140","SMC05230","SMC05230_41092_BMI_RWB_1","7/2/12",1,0.685192291,0.02,0.841807591,0.2,0.528576992,0,88.0625,-7.418125,-7.71125,-52.3684210526316,NA,NA,NA,5519.14,0,-256.714285714286,-75.6666666666667,0,2,-0.333333333333333,0,99.1428571428571,-8.5,9,2298.11,0,144.315789473684,36.75,-16.5925,604.3725,23.5625
"141","SMC05296","SMC05296_41086_BMI_RWB_1","6/26/12",1,1.009413346,0.52,1.112443863,0.72,0.906382829,0.3,-7.11764705882353,0.21,0.366470588235294,8.40909090909091,0.333333333333333,-5.26,-20.3333333333333,5.82,0,-0.333333333333333,0,0,0,0,0,0,0,-0.111111111111111,2.56818181818182,0,2.5,0.277777777777778,0.726666666666667,-2.23611111111111,-0.333333333333333
"142","SMC05402","SMC05402_40752_BMI_RWB_1","7/28/11",1,0.95275886,0.38,1.043211147,0.59,0.862306574,0.22,-14.4545454545455,-0.0945454545454545,0.000909090909090911,-1.81818181818182,-1,15.4,-2,6.27,-1,-41.0909090909091,-14.6,0.333333333333333,0.0909090909090909,0.2,-4.66666666666667,19.9090909090909,-3.1,0.909090909090909,1.23181818181818,0,-2.72727272727273,5.90909090909091,-0.854545454545454,-0.232727272727273,-8.63636363636364
"143","SMC05423","SMC05423_40339_BMI_RWB_1","6/10/10",1,0.762307504,0.07,0.993530304,0.49,0.531084705,0,NA,NA,NA,0,NA,NA,NA,0,0,0,0,0,0,0,0,0,0,0,13.19,0,6.95652173913043,0,0,0,0
"144","SMC05702","SMC05702_40336_BMI_RWB_1","6/7/10",1,0.5475222,0,0.657312117,0.04,0.437732284,0,158.5,0.07,0.495,-136.428571428571,1,67.04,-8,61.96,-14,-328.75,-91.25,0,3.125,1.5,9.75,129.75,34.375,37.5,94.9071428571429,0.025,124.833333333333,23.5,-1.855,-1.605,-16.3333333333333
"145","SMC05759","SMC05759_40350_BMI_RWB_1","6/21/10",1,0.802003816,0.11,0.886335386,0.28,0.717672246,0.06,10.1538461538462,-8.55076923076923,-10.6453846153846,-40.8636363636364,NA,NA,NA,347.45,0,-116.545454545455,0,0,1,0,0,30.2727272727273,0,6,-102.544782608696,0,83.9130434782609,7.66666666666667,1.68666666666667,48.6077777777778,-2
"146","SMC05902","SMC05902_40722_BMI_RWB_1","6/28/11",1,0.545537297,0,0.660999668,0.04,0.430074926,0,-2,0.109,0.521,0.666666666666667,-4.5,11.505,-14.5,28.35,0,-45.9166666666667,-4.4,0,1.91666666666667,0,0,12.875,0,-30.8666666666667,-7.868,0.006,31.5333333333333,46.2,-0.0213333333333333,-0.772666666666667,-14.6666666666667
"147","SMC05956","SMC05956_41079_BMI_RWB_1","6/19/12",1,0.677897082,0.02,0.733588772,0.08,0.622205392,0.02,159.8,-0.252,-0.232,-95.125,NA,NA,NA,299.76,-211,-361.857142857143,-218,2,1.14285714285714,3,-1,134.571428571429,18,-52,197.963333333333,0,91.4444444444444,-57.5,-0.3,2.53,10.3333333333333
"148","SMC06079","SMC06079_41451_BMI_RWB_2","6/26/13",2,0.752621865,0.06,0.760809435,0.1,0.744434296,0.08,-0.647058823529412,0.00647058823529412,0.0129411764705882,0.545454545454545,-4,2.245,0,1.25,0,0,0,0,0,0,0,0,0,0,0.406818181818182,5e-04,7.66666666666667,0,0.0294444444444444,0.103888888888889,0
"149","SMC06216","SMC06216_39959_BMI_RWB_1","5/26/09",1,0.834034693,0.15,0.967340652,0.43,0.700728735,0.05,0,-0.0488235294117647,-0.0264705882352941,-0.571428571428571,0,23.36,-1,15.55,0,-8.33333333333333,0,0,0.0833333333333333,0,0,3.41666666666667,0,-1.10526315789474,5.71173913043478,0,0.391304347826087,1.11111111111111,0.842222222222222,-0.627777777777778,-0.578947368421053
"150","SMC06298","SMC06298_41107_BMI_RWB_1","7/17/12",1,1.010566495,0.53,1.08869514,0.68,0.932437851,0.35,NA,NA,NA,-0.333333333333333,NA,NA,NA,0,0,0,0.6,0,0,0.4,0,0,-2.2,0,0.0633333333333333,0,-0.333333333333333,-0.5,0,0.365,0
"151","SMC06302","SMC06302_41088_BMI_RWB_1","6/28/12",1,0.582566114,0,0.712893228,0.07,0.452239,0,-18.2857142857143,0.0128571428571429,-1.695,-13.2222222222222,2,166.51,-61,258.45,-1,-26.4545454545455,-1,-1,0.0909090909090909,-0.666666666666667,0,-7.90909090909091,-0.666666666666667,-50.2222222222222,95.8372222222222,0,37,66.8888888888889,-0.36,-11.7788888888889,-29.8888888888889
"152","SMC06356","SMC06356_41435_BMI_RWB_1","6/10/13",1,0.83260841,0.15,1.012123205,0.53,0.653093615,0.03,38.5714285714286,-0.195714285714286,-0.295714285714286,-45.5384615384615,NA,NA,NA,128.12,0,-149.4,-0.2,0,2.5,0,0,45.35,0,-1,118.857857142857,-0.03,68.2857142857143,39.75,-0.2775,-1.21875,-31.125
"153","SMC06467","SMC06467_40357_BMI_RWB_1","6/28/10",1,0.848509332,0.17,0.904574803,0.31,0.79244386,0.12,0,0,0,-2.14285714285714,NA,NA,NA,0,0,0.875,0,0,0.25,0,0,5.3125,0,0,0.0257142857142857,0,0,0,0.005,0.005,0
"154","SMC06740","SMC06740_41435_BMI_RWB_1","6/10/13",1,0.57211394,0,0.657182762,0.04,0.487045118,0,-24.6666666666667,0.00666666666666667,-1.54666666666667,-1.11111111111111,10,-0.87,-27,48.84,-10.5,-193.888888888889,-22,0,2.44444444444444,1.2,42,22.5555555555556,3.1,-44.625,39.9888888888889,0,54.8888888888889,55.75,-0.375,-4.12375,-20.5
"155","SMC06794","SMC06794_41108_BMI_RWB_1","7/18/12",1,0.972985463,0.43,0.920559985,0.34,1.02541094,0.56,-2.33333333333333,0.01,0.00333333333333333,0,NA,NA,NA,0,-0.333333333333333,0,-2.6,0,0,-0.2,0,0,0.2,0,0.01625,0,0,2,0.005,-0.5025,-2
"156","SMC06863","SMC06863_40745_BMI_RWB_1","7/21/11",1,1.033017142,0.58,1.187720075,0.84,0.878314208,0.25,0.153846153846154,-0.00307692307692308,-0.00307692307692308,-1.05,0,0.645,0,0.25,0,0,0,0,0,0,0,0,0,-0.0666666666666667,0.083,-0.000666666666666667,0.85,-0.0714285714285714,0.005,0.0485714285714286,0.0714285714285714
"157","SMC06918","SMC06918_41106_BMI_RWB_1","7/16/12",1,0.621776147,0.01,0.782600603,0.13,0.460951692,0,-93.5,-0.08,-0.125,22.9,NA,NA,NA,105.82,-0.5,-103.6,-6,-0.5,1,-0.5,-30.5,23.55,11.5,0.777777777777778,48.771,-0.0333333333333333,60.8,77.6666666666667,-0.0444444444444444,-0.145555555555556,-36.4444444444444
"158","SMC06926","SMC06926_39995_BMI_RWB_1","7/1/09",1,0.757616152,0.07,0.932918475,0.36,0.582313829,0.01,0,0,0,2.5,NA,NA,NA,0,0,0,-356.8,0.333333333333333,0,1.6,-0.833333333333333,0,162.5,2.75,1.72434782608696,0,14.5652173913043,0.75,0,0.3725,-1
"159","SMC07126","SMC07126_41102_BMI_RWB_1","7/12/12",1,0.389572009,0,0.454375503,0,0.324768515,0,-45.2727272727273,0.075,7.73045454545455,18.2173913043478,NA,NA,NA,320.22,-25.5,-33.0833333333333,-50.4,1.5,1.25,0.8,-7.5,13.7916666666667,25,-29.3181818181818,104.047826086957,-0.159473684210526,55.0434782608696,74.2272727272727,0.629545454545455,2.02181818181818,-25.5909090909091
"160","SMC08094","SMC08094_41088_BMI_RWB_1","6/28/12",1,0.484394064,0,0.584840066,0.01,0.383948062,0,-38.1,-0.22,-0.332,6.13333333333333,NA,NA,NA,75.37,1,-3.9,0,1,-0.4,0,-1,-15.15,-1,-3.14285714285714,23.5386666666667,-0.0178571428571429,34.6,50.8461538461538,-0.128461538461538,-1.46692307692308,-25.9230769230769
"161","SMC08150","SMC08150_40332_BMI_RWB_1","6/3/10",1,0.720531728,0.04,0.788491753,0.13,0.652571704,0.03,86.6666666666667,-0.63,-81.1066666666667,-60.7,1,-732.45,-7,217.39,-2.66666666666667,-305.8,-52,0.333333333333333,1.9,0.5,-5.5,118.7,-17,37.5,154.557272727273,-0.04,124.818181818182,41.5,-1.5725,-0.7675,-29.75
"162","SMC08335","SMC08335_41449_BMI_RWB_1","6/24/13",4,0.83712331,0.15,0.998876636,0.5,0.675369983,0.03,NA,NA,NA,0,NA,NA,NA,0,0,0,-358,0,0,1.6,0,0,160.2,0,11.9117391304348,0,27.8260869565217,1.66666666666667,0,0.0133333333333333,-1.66666666666667
"163","SMC08655","SMC08655_41081_BMI_RWB_1","6/21/12",1,1.107137242,0.75,1.199722006,0.85,1.014552478,0.53,0.117647058823529,0.00470588235294118,-0.0288235294117647,-1.22727272727273,0.25,0.51,0,0.02,0,0,0,0,0,0,0,0,0,0.1,0.0139130434782609,-0.0015,0,0.833333333333333,-0.00333333333333333,0.00444444444444444,-0.833333333333333
"164","SMC08766","SMC08766_39959_BMI_RWB_1","5/26/09",1,0.348630471,0,0.256491183,0,0.440769759,0,-22,-7.946,-14.179,-47.4444444444444,NA,NA,NA,1354.25,0,-1.33333333333333,0,0,0.555555555555556,0,0,0.555555555555556,0,14.0833333333333,335.249473684211,-0.0133333333333333,80.5263157894737,42.1818181818182,-4.42363636363636,-133.984545454545,-29.4545454545455
"165","SMC08845","SMC08845_39986_BMI_RWB_1","6/22/09",1,0.500582554,0,0.5137712,0.01,0.487393908,0,-2.17391304347826,0,0.0178260869565217,-0.173913043478261,NA,NA,NA,0.57,-24,-27.5,-22.5,1,1.625,2.5,-36.5,-18.3125,-37,-6.34782608695652,0.348695652173913,-0.0447826086956522,6.17391304347826,8.52173913043478,0.01,0.384782608695652,-2.34782608695652
"166","SMC09118","SMC09118_41416_BMI_RWB_1","5/22/13",1,0.440438387,0,0.497516271,0,0.383360503,0,-37.2,-0.327,-0.488,6.06666666666667,NA,NA,NA,111.72,2,-4,0,2,-0.5,0,-2,-15.2,-1,7.23076923076923,25.6906666666667,-0.0230769230769231,48.1333333333333,50.0769230769231,-0.192307692307692,-1.34,-24.2307692307692
"167","SMC09286","SMC09286_40338_BMI_RWB_1","6/9/10",1,0.580848886,0,0.619380653,0.02,0.542317119,0.01,11.8,-6.694,-3.528,-70.5,NA,NA,NA,225.83,-8.5,-329.363636363636,-1.8,-0.5,2.90909090909091,0,-8.5,111.954545454545,-3.7,0.8,235.030909090909,-0.024,119.4,76.6,-4.886,-2.774,-31
"168","SMC09325","SMC09325_41081_BMI_RWB_2","6/21/12",2,0.79303143,0.1,1.022327546,0.55,0.563735315,0.01,NA,NA,NA,0,NA,NA,NA,0,-361.666666666667,0,0,1,0,0,136.166666666667,0,0,0,0.552173913043478,0,6.63636363636364,5,0,0,-5
"169","SMC09503","SMC09503_41064_BMI_RWB_1","6/4/12",1,0.940144292,0.35,1.174029958,0.82,0.706258626,0.05,-0.1,0,0.001,-0.428571428571429,NA,NA,NA,0,0,0,0,0,0,0,0,0,0,0.25,0.0518181818181818,-0.00166666666666667,0.772727272727273,-0.0833333333333333,0.0416666666666667,0.035,0.0833333333333333
"170","SMC09534","SMC09534_39981_BMI_RWB_1","6/17/09",1,0.376993482,0,0.33917505,0,0.414811914,0,94.4,-1.544,-3.43,-51.6666666666667,NA,NA,NA,1411.03,-1.66666666666667,-313.5,-1.2,0.333333333333333,2.5,0.4,-5.83333333333333,83.25,-7.6,65,892,-0.05,118.307692307692,68.3333333333333,-3.1,-6.07833333333333,-24.8333333333333
"171","SMC10685","SMC10685_40360_BMI_RWB_1","7/1/10",1,0.843410215,0.16,1.100004844,0.7,0.586815586,0.01,-47.8571428571429,0.00476190476190476,9.14285714285714,32.2173913043478,NA,NA,NA,956.92,0,-38.4166666666667,-64.4,0,1.41666666666667,1.6,0,4.20833333333333,11.7,46.3181818181818,802.951739130435,-0.174090909090909,-14.8636363636364,-3.4,1.263,16.373,-17.8095238095238
"172","SMC11343","SMC11343_41064_BMI_RWB_1","6/4/12",1,0.853593354,0.18,0.979407792,0.46,0.727778917,0.06,-16.3888888888889,0.475555555555556,0.309444444444444,8.95238095238095,-1.66666666666667,92.5533333333333,0,17.94,0,0,0,0,0,0,0,0,0,6.29411764705882,-24.4533333333333,-0.00235294117647059,17.1666666666667,9.64705882352941,0.0935294117647059,-11.2747058823529,-3.33333333333333
"173","SMC11384","SMC11384_40722_BMI_RWB_1","6/28/11",1,1.185298038,0.88,1.280136406,0.93,1.09045967,0.69,-15.0869565217391,0.00217391304347826,0.21695652173913,4.30434782608696,NA,NA,NA,2.14,0,-27,0,0,1,0,0,20,0,-0.695652173913043,0.326086956521739,-0.47304347826087,5,17.304347826087,0.192608695652174,0.123478260869565,-12.304347826087
"174","SMC11727","SMC11727_40338_BMI_RWB_1","6/9/10",1,0.968715275,0.42,1.232530412,0.89,0.704900137,0.05,-0.25,-0.0075,-0.0283333333333333,-0.619047619047619,0.5,1.485,0,0.96,0,-0.0833333333333333,0,0,0,0,0,0,0,0.0714285714285714,0.285714285714286,0,17.3809523809524,0.0769230769230769,0.0230769230769231,-0.0430769230769231,-0.0769230769230769
"175","SMC12814","SMC12814_40746_BMI_RWB_1","7/22/11",1,0.864390814,0.2,0.877566481,0.26,0.851215148,0.2,-3.39130434782609,0.00173913043478261,0.202173913043478,-9.91304347826087,NA,NA,NA,0.17,0,-16.5833333333333,-0.2,0,0.583333333333333,0,0,11.0416666666667,0,-6.95652173913043,0.537826086956522,-0.516521739130435,-2.95652173913043,10.6521739130435,0.110434782608696,0.176086956521739,-13.6086956521739
"176","SMC12862","SMC12862_40721_BMI_RWB_1","6/27/11",1,0.381841026,0,0.38473878,0,0.378943272,0,-51.8333333333333,-8.38083333333333,-10.6891666666667,11.1111111111111,NA,NA,NA,3316.56,-0.5,-5.8,0,-0.5,-0.7,0,4,-12.35,0,42.5714285714286,177.914210526316,-0.0235714285714286,58.7368421052632,41.9230769230769,-5.24769230769231,-82.7453846153846,-29.9230769230769
"177","SMC13062","SMC13062_41478_BMI_RWB_1","7/23/13",1,0.553188065,0,0.6801308,0.05,0.42624533,0,-60.3333333333333,-0.103333333333333,-0.136666666666667,15.4545454545455,NA,NA,NA,133.58,0,-100.9,-3,0,1,-0.333333333333333,-29.75,27.2,-13.1666666666667,13.5555555555556,70.0418181818182,-0.0622222222222222,66.5454545454545,68.2222222222222,-0.07,-0.262222222222222,-33.1111111111111
"178","SMC13076","SMC13076_41088_BMI_RWB_1","6/28/12",1,1.097872396,0.73,1.226560053,0.88,0.96918474,0.43,-0.391304347826087,0.02,0.0404347826086957,2.39130434782609,NA,NA,NA,0.83,-119,-118.583333333333,-118.6,0,0.5,0.4,26.6666666666667,32.25,46.2,-29.8695652173913,0.601304347826087,-0.0478260869565217,32.2608695652174,30.304347826087,0.234782608695652,0.504347826086956,1.95652173913043
"179","SMC13214","SMC13214_41416_BMI_RWB_1","5/22/13",1,0.489214421,0,0.577292698,0.01,0.401136144,0,-73,0.38,256.635,59.2857142857143,NA,NA,NA,5718.72,-0.5,-332.285714285714,0,0,2.57142857142857,0,0.5,104.428571428571,0.125,59.7142857142857,4753.52857142857,0.0628571428571429,-0.428571428571429,14.7142857142857,86.2728571428571,95.62,-15.1428571428571
"180","SMC13599","SMC13599_41064_BMI_RWB_1","6/4/12",1,0.961241964,0.4,1.102228483,0.7,0.820255444,0.16,0.8,-0.006,-0.001,-0.476190476190476,NA,NA,NA,0,0,0,0,0,0,0,0,0,0,0,0.0504545454545455,0,0.772727272727273,-0.833333333333333,0.0391666666666667,0.04,0.833333333333333
"181","SMC13630","SMC13630_41081_BMI_RWB_1","6/21/12",1,0.617674687,0.01,0.763749026,0.11,0.471600347,0,119.714285714286,-2.82428571428571,-16.71,-100.95,NA,NA,NA,2695.97,0.333333333333333,-153.4,0.5,0.333333333333333,0.6,0.25,-5.16666666666667,24.75,-4.125,1.77777777777778,-235.479523809524,-0.0444444444444444,115.52380952381,61.875,-1.89125,-63.88125,-27.375
"182","SMC14099","SMC14099_41438_BMI_RWB_1","6/13/13",1,0.562806485,0,0.76557106,0.11,0.36004191,0,-7.83333333333333,0.00333333333333333,0.0816666666666667,-11.7,NA,NA,NA,67.1,-1,-62,-24.25,-1,0.555555555555556,-0.75,-31,8.94444444444444,-26.75,-67.9,9.133,0,56.2,82.3,0.188,-0.443,-26.1
"183","SMC15464","SMC15464_41075_BMI_RWB_1","6/15/12",1,1.04791012,0.62,1.167822078,0.81,0.927998162,0.34,-47.5217391304348,-0.000434782608695652,-0.272173913043478,12.8260869565217,NA,NA,NA,0,-41.3333333333333,0.130434782608696,-44.2,0.666666666666667,0.130434782608696,0.4,20.6666666666667,1.41304347826087,37.8,5.60869565217391,-0.219130434782609,0.0430434782608696,7.21739130434783,41.9130434782609,-0.45695652173913,-2.73913043478261,-34.695652173913
"184","SMC15678","SMC15678_41450_BMI_RWB_1","6/25/13",1,0.216981821,0,0.232589261,0,0.201374381,0,181.75,0.45,-17.4,-76.9166666666667,NA,NA,NA,699.92,0,-250,-4.8,0.666666666666667,2.54545454545455,0.4,-0.333333333333333,115.590909090909,2,66,1176.96384615385,-0.048,129.230769230769,82.8,-4.038,-15.44,-30.8
"185","SMC16446","SMC16446_41081_BMI_RWB_1","6/21/12",1,0.853414567,0.18,0.979781664,0.46,0.72704747,0.06,14.8888888888889,-0.02,-0.0477777777777778,-20.65,NA,NA,NA,25.07,0,-98.0909090909091,-0.2,0,0.909090909090909,-0.2,0,8.13636363636364,-1.3,-3,-88.2113636363636,0,65.9047619047619,10.6666666666667,0.0144444444444444,0.212222222222222,-2.7
"186","SMC16832","SMC16832_40347_BMI_RWB_2","6/18/10",2,0.303398421,0,0.33970974,0,0.267087101,0,35.375,-3.8275,-5.73625,-74.2222222222222,NA,NA,NA,2221.38,0,-66.4444444444444,0,0,1.44444444444444,0,0,-0.444444444444444,0,48.1111111111111,386.026315789474,-0.0244444444444444,102.263157894737,41.1111111111111,-2.80444444444444,-93.9155555555556,-31.3333333333333
"187","SMC16980","SMC16980_40730_BMI_RWB_1","7/6/11",1,1.026129641,0.56,1.123680636,0.74,0.928578647,0.35,51.5,0.0475,0.1075,-39.5384615384615,NA,NA,NA,9.15,-0.333333333333333,-219.727272727273,0,0,2.63636363636364,0,0,82.6818181818182,0,-10.1666666666667,7.93357142857143,0,72.9285714285714,2.2,-0.026,0.08,-2.2
"188","SMC18116","SMC18116_41088_BMI_RWB_1","6/28/12",1,0.671199731,0.02,0.843299207,0.21,0.499100256,0,2,0.00666666666666667,-0.603333333333333,-17.1,14,-1.46,-28,15.06,-4,-228.4,-35.25,0,2.4,-0.25,-7.5,23.2,28,-62.4,0.451,0,45.3,72.3,0.076,-0.279,-27
"189","SMC18545","SMC18545_41450_BMI_RWB_1","6/25/13",1,0.836556051,0.15,1.093177438,0.69,0.579934665,0.01,0,-0.00181818181818182,-0.00363636363636364,-0.476190476190476,0,0.07,0,-0.03,0,0,0,0,0,0,0,0,0,0.0833333333333333,0.0485714285714286,-0.000833333333333333,7.23809523809524,0,0.01,0.0941666666666667,0
"190","SMC19697","SMC19697_41449_BMI_RWB_1","6/24/13",1,0.833755949,0.15,1.112905109,0.72,0.55460679,0.01,NA,NA,NA,0,NA,NA,NA,0,0,0,-357.2,0,0,1.8,0,0,157.1,0,13.6178260869565,0,27.7391304347826,1.33333333333333,0,0.0133333333333333,-1.33333333333333
"191","SMC19809","SMC19809_41450_BMI_RWB_1","6/25/13",1,1.015798461,0.54,1.31183034,0.95,0.719766583,0.06,-1,0.006,0.001,-0.380952380952381,NA,NA,NA,0,0,0,0,0,0,0,0,0,0,0,0.035,0,0.772727272727273,0.75,0.0325,0.0383333333333333,-0.75
"192","SMC19945","SMC19945_41450_BMI_RWB_1","6/25/13",1,1.022751897,0.56,1.117726057,0.73,0.927777736,0.34,-0.0555555555555556,-0.000555555555555556,-0.00388888888888889,-0.136363636363636,0,0.506666666666667,0,0.01,0,0,0,0,0,0,0,0,0,0,0.0139130434782609,0.001,0,0.210526315789474,0.00526315789473684,0.0184210526315789,-0.210526315789474
"193","SMC20032","SMC20032_40347_BMI_RWB_1","6/18/10",1,0.289992483,0,0.256384709,0,0.323600257,0,48,-3.69666666666667,-5.44333333333333,-84.1111111111111,NA,NA,NA,2080.96,0,-65.7777777777778,0,0,1.55555555555556,0,0,-1.11111111111111,0,25.3333333333333,368.247368421053,-0.0211111111111111,102.263157894737,39.4285714285714,-2.21,-108.775714285714,-26
"194","SMC20994","SMC20994_41442_BMI_RWB_1","6/17/13",1,0.609251064,0.01,0.786869135,0.13,0.431632994,0,-38.5217391304348,0.0378260869565217,0.519565217391304,20.5652173913043,NA,NA,NA,24.68,-0.333333333333333,-38.9166666666667,-0.6,0,1.5,-0.4,0,3.33333333333333,-1,-2.17391304347826,4.73434782608696,-0.147727272727273,22.7391304347826,40.4782608695652,0.242173913043478,-1.32608695652174,-17.7391304347826
"195","SMC21796","SMC21796_41439_BMI_RWB_1","6/14/13",1,0.543757456,0,0.629369926,0.03,0.458144986,0,-33.2666666666667,1.91866666666667,5.58133333333333,-9.1578947368421,-10.3333333333333,841.013333333333,-26.3333333333333,2212.77,-1.5,-62.5555555555556,-20,0.5,1.22222222222222,-0.75,-6,29.6111111111111,-10,-50.7222222222222,1882.14631578947,0.0366666666666667,47,79,-0.175555555555555,-79.4255555555556,-43.1666666666667
"196","SMC21822","SMC21822_40350_BMI_RWB_1","6/21/10",1,0.80750553,0.11,1.007268189,0.52,0.607742872,0.01,-4,0.13,240.6,78.1666666666667,7,1740.99,-12,4812.66,0,-324.333333333333,-0.5,0,2.83333333333333,-0.25,0,109.666666666667,0.125,72.1666666666667,143.375,0.136666666666667,6,23.1666666666667,21.525,-587.565,-17.1666666666667
"197","SMC24222","SMC24222_40350_BMI_RWB_1","6/21/10",1,0.730689578,0.05,0.892516117,0.29,0.568863039,0.01,-4,0.14,260.57,56.1666666666667,NA,NA,NA,4731.64,0,-324.666666666667,-0.666666666666667,0,2.83333333333333,0,0,107.833333333333,0,50.1666666666667,356.948333333333,0.115,6,23.3333333333333,34.5966666666667,-506.668333333333,-17.3333333333333
"198","SMC26909","SMC26909_40329_BMI_RWB_1","5/31/10",1,0.571835254,0,0.727957328,0.08,0.415713181,0,126.5,2.0875,5.2125,-78.8181818181818,NA,NA,NA,371.47,0,-261.333333333333,0.4,0,2.22222222222222,0.4,0,79.0555555555556,-5.9,-14.2,502.935909090909,0,60.8636363636364,4.4,-0.682,28.282,-4.6
"199","SMC27709","SMC27709_40329_BMI_RWB_1","5/31/10",1,0.458302475,0,0.560464398,0.01,0.356140553,0,124.75,1.9475,4.885,-77.2272727272727,NA,NA,NA,374.98,0,-260.888888888889,0.2,0,2.22222222222222,0.4,0,78.9444444444444,-5.8,-14.2,500.147272727273,0,60.8636363636364,4.6,-0.684,24.582,-4.8
"200","SMC29064","SMC29064_41085_BMI_RWB_1","6/25/12",1,0.898369508,0.26,0.867271051,0.24,0.929467964,0.35,2.77777777777778,-0.00277777777777778,0.02,-2.52631578947368,NA,NA,NA,0,0,0,0,0,0,0,0,0,0,-3.57894736842105,0.0131578947368421,-0.00105263157894737,1.05263157894737,0.263157894736842,0,0.0726315789473684,0.789473684210526
"201","SMC32897","SMC32897_40350_BMI_RWB_1","6/21/10",1,0.551570687,0,0.602498784,0.02,0.50064259,0,NA,NA,NA,15,NA,NA,NA,1.12,-62.5,-321.285714285714,-310,1.5,2.28571428571429,1.33333333333333,42.5,112.5,79.3333333333333,NA,NA,NA,NA,NA,NA,NA,NA
"202","SMC34888","SMC34888_40353_BMI_RWB_1","6/24/10",1,0.896039132,0.26,1.093553406,0.69,0.698524859,0.05,-3.71428571428571,0.0314285714285714,0.0385714285714286,2.90909090909091,0,-12.73,-20,2.74,0,-52.8181818181818,-3,0,0.454545454545455,0,0,15.8636363636364,0.2,1,1.91363636363636,0,5.72727272727273,-0.4,0.034,0.639,-0.3
"203","SMC35837","SMC35837_41085_BMI_RWB_1","6/25/12",1,0.634498732,0.01,0.509282964,0,0.7597145,0.09,5.2,0.002,0.018,-0.375,NA,NA,NA,5.31,0,-61.1666666666667,0,0,1.33333333333333,0,0,56.5833333333333,0,-4.2,1.246,0,4.6,7,-0.0271428571428571,0.275714285714286,2.33333333333333
"204","SMC40887","SMC40887_41437_BMI_RWB_1","6/12/13",1,1.074134966,0.68,1.264081038,0.92,0.884188893,0.26,33.4,2.994,10.9973333333333,-32.1904761904762,NA,NA,NA,333.64,-0.333333333333333,-226.3,-10,0,3.7,-0.4,0,67.8,-5.2,-35.75,575.333636363636,-0.00125,43.9545454545455,16.375,-2.54125,-24.78125,-10.8235294117647
"205","SMCR8_007","SMCR8_007_38890_BMI_RWB_1","6/22/06",1,0.583756542,0,0.425809941,0,0.741703144,0.07,-1.38461538461538,-0.00538461538461538,-0.00846153846153846,0.0666666666666667,NA,NA,NA,-0.01,0,0.25,0,0,0.166666666666667,0,0,2.70833333333333,0,0.5,0.0864705882352941,0,-0.294117647058824,0.923076923076923,-0.75,-0.232307692307692,-1.13333333333333
"206","SMCR8_011","SMCR8_011_38883_BMI_RWB_1","6/15/06",1,0.656928701,0.02,0.640058725,0.03,0.673798678,0.03,-51.25,-0.07625,-0.1225,52.6153846153846,6.5,18.13,-13,20.79,0,-4.125,0.25,0,-0.75,0.25,0,-0.25,-1.75,47.2307692307692,2.69,-0.03,5.38461538461539,16.75,-0.0341666666666667,0.0408333333333333,-10.75
"207","SMCR8_012","SMCR8_012_38868_BMI_RWB_1","5/31/06",1,0.596845796,0.01,0.35944321,0,0.834248381,0.18,-18.6086956521739,0.00260869565217391,0.16304347826087,5.30434782608696,NA,NA,NA,5.93,-0.333333333333333,-26.8333333333333,-37.4,0,1.5,0.8,0,11.8333333333333,17.8,-9.30434782608696,1.93260869565217,-0.468260869565217,14.6086956521739,26.3913043478261,0.361304347826087,0.358695652173913,-11.7826086956522
"208","SMCR8_019","SMCR8_019_38883_BMI_RWB_1","6/15/06",1,0.642562984,0.01,0.67331621,0.04,0.611809758,0.02,26.6521739130435,0.0578260869565217,0.0360869565217391,-3.17391304347826,-4,0.17,0,0.22,0,-28.5833333333333,0,0,0.333333333333333,0,0,6.33333333333333,0,-14,-0.923913043478261,-0.0521739130434783,10.8260869565217,-11.3478260869565,0.303478260869565,0.562608695652174,22.1739130434783
"209","SMCR8_020","SMCR8_020_40736_BMI_RWB_1","7/12/11",2,1.09329406,0.72,1.207050411,0.86,0.979537709,0.45,0,0,0,-0.166666666666667,NA,NA,NA,0,0,0,0,0,0,0,0,0,0,-0.2,0.00111111111111111,0,17.7777777777778,0.2,0,0.002,-0.125
"210","SMCR8_025","SMCR8_025_39249_BMI_RWB_1","6/16/07",1,0.940599507,0.36,0.782669234,0.13,1.098529781,0.71,-0.739130434782609,0.000869565217391304,0.0343478260869565,0.782608695652174,NA,NA,NA,0.1,0,-12.3333333333333,0,0,0.166666666666667,0,0,3.08333333333333,0,0.478260869565217,0.0395652173913043,0,0.304347826086957,0.260869565217391,0,0.00565217391304348,0.0434782608695652
"211","SMCR8_028","SMCR8_028_38872_BMI_RWB_1","6/4/06",1,0.51890115,0,0.446046457,0,0.591755844,0.01,2.2,0.1,0.095,10.5454545454545,NA,NA,NA,0,-180,0,-117,0,0,0,-0.5,0,-0.5,4.90476190476191,0.295217391304348,-0.0242857142857143,6.27272727272727,4.7,0.006,-0.0065,2.19047619047619
"212","SMCR8_034","SMCR8_034_38890_BMI_RWB_1","6/22/06",1,0.651465834,0.01,0.393207914,0,0.909723754,0.31,-0.538461538461538,-0.00153846153846154,0.0223076923076923,0.642857142857143,NA,NA,NA,0.26,0,0,0,0,0,0,0,0,0,0.642857142857143,0.249285714285714,0,0,-0.142857142857143,0.00571428571428571,0.025,0.142857142857143
"213","SMCR8_035","SMCR8_035_38890_BMI_RWB_1","6/22/06",1,0.997893795,0.49,0.973174515,0.44,1.022613075,0.55,2.26086956521739,0.00173913043478261,-0.0169565217391304,-3.1304347826087,NA,NA,NA,0,0,0.666666666666667,0,0,0,0,0,0,0,-3.56521739130435,0.00695652173913044,0.000434782608695652,0.434782608695652,1.30434782608696,-0.0247826086956522,-0.0304347826086956,-0.869565217391304
"214","SMCR8_042","SMCR8_042_38868_BMI_RWB_1","5/31/06",1,0.293870203,0,0.224473287,0,0.36326712,0,108.928571428571,-0.650714285714286,-0.505714285714286,-75.1111111111111,NA,NA,NA,477.47,-16.5,-261.166666666667,-150.75,-0.5,1.83333333333333,1,-48.75,68.6666666666667,-19.75,-98.5714285714286,171.656315789474,0,92.2631578947368,-28,-1.275,-3.92,14.0666666666667
"215","SMCR8_046","SMCR8_046_39604_BMI_RWB_1","6/5/08",1,0.624366862,0.01,0.670153014,0.04,0.578580709,0.01,0,0,0,-1.57142857142857,NA,NA,NA,0,0,0.875,0,0,0.25,0,0,5.3125,0,1,0.0242857142857143,-0.0075,0,0.25,0.005,0.005,-0.25
"216","SMCR8_048","SMCR8_048_39579_BMI_RWB_1","5/11/08",1,0.340003791,0,0.338965497,0,0.341042086,0,118,-0.215,-0.2,-65.5,NA,NA,NA,74.12,-129,-311,-205,0,2.33333333333333,0.5,-64,78.6666666666667,-33.5,-119.25,19.5477777777778,0,79.3333333333333,72.6666666666667,-0.136666666666667,0.313333333333333,13.5
"217","SMCR8_057","SMCR8_057_39586_BMI_RWB_1","5/18/08",1,0.993198391,0.48,1.083181055,0.67,0.903215727,0.29,0,0,0,0,NA,NA,NA,0,0,0,0,0,0,0,0,0,0,0,0,0,0,0,0,0,0
"218","SMCR8_062","SMCR8_062_38891_BMI_RWB_1","6/23/06",1,0.788900218,0.09,0.707169226,0.06,0.870631211,0.24,1.95238095238095,0.0952380952380952,0.0952380952380952,11.7727272727273,NA,NA,NA,0,3,0,-183,1,0,1.2,-20.5,0,64,2.19047619047619,0.367391304347826,-0.0171428571428571,9.04545454545454,7.47619047619048,0.0666666666666667,0.246666666666667,2
"219","SMCR8_069","SMCR8_069_39234_BMI_RWB_1","6/1/07",1,1.123177267,0.78,1.150211397,0.79,1.096143136,0.7,0,0,0,0,NA,NA,NA,0,0,0,0,0,0,0,0,0,0,0,0.0242857142857143,0,0,0,0,0,0
"220","SMCR8_070","SMCR8_070_38885_BMI_RWB_1","6/17/06",1,0.732647046,0.05,0.651256442,0.03,0.814037649,0.15,0.733333333333333,0.000666666666666667,0.006,-0.705882352941177,0.5,0.095,0,0.03,0,-0.4,0,0,0,0,0,0,0,-0.5625,0.0373684210526316,0,-0.105263157894737,-0.166666666666667,0.000555555555555556,0.0277777777777778,0.0555555555555556
"221","SMCR8_074","SMCR8_074_39624_BMI_RWB_1","6/25/08",1,0.751756758,0.06,0.729467818,0.08,0.774045698,0.1,6.52173913043478,0.00565217391304348,0.0130434782608696,-6.26086956521739,NA,NA,NA,0,0,2.5,0,0,0,0,0,0,0,-6.73913043478261,0,2.28330620564203e-19,0.478260869565217,0.173913043478261,0,0,0.304347826086957
"222","SMCR8_080","SMCR8_080_39623_BMI_RWB_2","6/24/08",2,1.024723076,0.56,1.129090121,0.75,0.920356031,0.33,-0.391304347826087,0,-0.0278260869565217,0.434782608695652,NA,NA,NA,0,0,2.5,0,0,0,0,0,0,0,-0.260869565217391,0.00434782608695652,-0.00130434782608696,0.695652173913043,0.652173913043478,0,0,0.0434782608695652
"223","SMCR8_105","SMCR8_105_40738_BMI_RWB_1","7/14/11",2,0.772203284,0.08,0.771629438,0.12,0.772777131,0.1,NA,NA,NA,0,NA,NA,NA,0,-4.66666666666667,0,-109.666666666667,0,0,0.333333333333333,0,0,-11.1666666666667,0,2.25,0,-0.25,-0.5,0.125,0.265,0
"224","SMCR8_106","SMCR8_106_39249_BMI_RWB_1","6/16/07",1,0.952285909,0.38,0.866489314,0.24,1.038082504,0.58,-1.39130434782609,-0.00739130434782609,-0.00869565217391304,1.47826086956522,NA,NA,NA,0,0,2.5,0,0,0,0,0,0,0,0.826086956521739,0.00434782608695652,-0.0108695652173913,0.652173913043478,0.565217391304348,0,0,0.0869565217391304
"225","SMCR8_107","SMCR8_107_40322_BMI_RWB_1","5/24/10",1,0.733644313,0.05,0.935988592,0.37,0.531300034,0,-0.0555555555555556,0.00111111111111111,0.00333333333333333,-1.3,NA,NA,NA,0.21,0,-0.666666666666667,-0.2,0,0,0,0,-0.0833333333333333,0,0.5,0.0765217391304348,0,-0.695652173913043,-0.555555555555556,0.03,-0.31,-0.3
"226","SMCR8_118","SMCR8_118_39610_BMI_RWB_1","6/11/08",1,0.747793717,0.06,0.782174747,0.13,0.713412686,0.05,NA,NA,NA,0,NA,NA,NA,0,-96.5,0,-100.5,0,0,0,-1,0,24.75,0,-0.175,0,0,0,-0.02,0.51,0
"227","SMCR8_147","SMCR8_147_39221_BMI_RWB_1","5/19/07",1,0.760437531,0.07,0.510172947,0.01,1.010702115,0.52,1.66666666666667,0.00277777777777778,0.0588888888888889,-1.47368421052632,NA,NA,NA,0,0,0.181818181818182,0,0,0.0909090909090909,0,0,-0.681818181818182,0,-2.52631578947368,0.05,-0.0121052631578947,1.05263157894737,1,-0.0263157894736842,0.0105263157894737,0.0526315789473684
"228","SMCR8_151","SMCR8_151_41464_BMI_RWB_1","7/9/13",2,0.790466025,0.1,0.930693268,0.36,0.650238781,0.03,-44.2857142857143,0.00380952380952381,9.90857142857143,28.304347826087,NA,NA,NA,1207.66,-0.333333333333333,-39.5833333333333,-65.2,0,1.41666666666667,1.4,0,1.16666666666667,15.7,42.3181818181818,941.353913043478,-0.148181818181818,-14.9545454545455,0.25,1.3435,20.0345,-18.5714285714286
"229","SMCR8_155","SMCR8_155_39629_BMI_RWB_1","6/30/08",1,0.935506761,0.34,1.008117262,0.52,0.86289626,0.22,1.21739130434783,-0.00347826086956522,0,-0.652173913043478,NA,NA,NA,0,0,0,0,0,0,0,0,0,0,-1.30434782608696,0.00130434782608696,-0.0091304347826087,0.652173913043478,0.0869565217391304,0,0.000434782608695652,0.565217391304348
"230","SMCR8_160","SMCR8_160_38875_BMI_RWB_1","6/7/06",1,0.67727239,0.02,0.711177602,0.06,0.643367179,0.02,-0.25,-0.019375,0.03625,-0.823529411764706,8,11.37,-0.5,4.41,0,-1.5,-1.6,0,0.0833333333333333,0,0,-5.33333333333333,0,0.6875,7.5704347826087,0,-0.739130434782609,0.1,0.145,0.588,-0.904761904761905
"231","SMCR8_163","SMCR8_163_39221_BMI_RWB_1","5/19/07",1,0.790624823,0.1,0.510239425,0.01,1.07101022,0.65,1.38888888888889,0.00277777777777778,0.0411111111111111,-1,NA,NA,NA,0,0,0.181818181818182,0,0,0.0909090909090909,0,0,-0.681818181818182,0,-2.05263157894737,0.0484210526315789,-0.00894736842105263,1.05263157894737,0.842105263157895,-0.0263157894736842,0.0105263157894737,0.210526315789474
"232","SMCR8_172","SMCR8_172_38884_BMI_RWB_1","6/16/06",1,0.480810801,0,0,0,0.961621602,0.42,1.47826086956522,0,0.00434782608695652,-1.30434782608696,NA,NA,NA,0,-29.3333333333333,0.166666666666667,0,0.333333333333333,0.166666666666667,0,6.33333333333333,-0.416666666666667,0,-1.60869565217391,0.018695652173913,-0.00347826086956522,0.304347826086957,0.130434782608696,0,0.00217391304347826,0.173913043478261
"233","SMCR8_203","SMCR8_203_39231_BMI_RWB_1","5/29/07",1,0.950816336,0.38,0.763182783,0.11,1.138449889,0.78,0.952380952380952,0.00476190476190476,0.0366666666666667,-0.590909090909091,NA,NA,NA,1.13,0,-30.25,-6.2,0,0.75,1,0,3.70833333333333,7.5,-2.61904761904762,0.429130434782609,-0.00904761904761905,1.8695652173913,1.63636363636364,0.00409090909090909,0.0972727272727273,0.318181818181818
"234","SMCR8_218","SMCR8_218_39987_BMI_RWB_1","6/23/09",1,0.601250654,0.01,0.437306524,0,0.765194783,0.09,-0.923076923076923,0.000769230769230769,0.00153846153846154,-0.125,-3.5,0.19,0,0.03,0,-0.583333333333333,0,0,0.0833333333333333,0,0,0.333333333333333,0,-0.1875,0.00333333333333333,0,0.0555555555555556,0.764705882352941,0.000588235294117647,0.0347058823529412,-0.647058823529412
"235","SMCR8_219","SMCR8_219_40000_BMI_RWB_1","7/6/09",1,0.898880332,0.26,0.578582584,0.01,1.21917808,0.89,-0.347826086956522,0,0.00695652173913044,1,NA,NA,NA,0.04,0,-16,0,0,0.545454545454545,0,0,5.31818181818182,0,0.434782608695652,0.128695652173913,-0.00130434782608696,0.565217391304348,-0.0434782608695652,-0.00608695652173913,0.0252173913043478,0.608695652173913
"236","SMCR8_240","SMCR8_240_41450_BMI_RWB_1","6/25/13",2,1.081027065,0.69,1.200009192,0.85,0.962044937,0.42,2.05,0.0915,0.083,6.77272727272727,NA,NA,NA,0,0,1.66666666666667,0,0,0.833333333333333,0,0,-0.0416666666666667,-0.2,3.71428571428571,-0.0165217391304348,-0.00380952380952381,-1.27272727272727,1.9,-0.029,0.0045,1.0952380952381
"237","SMCR8_267","SMCR8_267_38895_BMI_RWB_1","6/27/06",1,0.554811002,0,0.450027175,0,0.659594829,0.03,1.25,0.001875,0.085625,-1.55555555555556,0,-0.17,0,0.02,0,-0.2,-0.75,0,0,0,0,0,0,-0.375,-0.00157894736842105,0,0.263157894736842,-1.13333333333333,0.143333333333333,0.38,1.05555555555556
"238","SMCR8_270","SMCR8_270_41442_BMI_RWB_1","6/17/13",2,0.816430758,0.13,0.86713425,0.24,0.765727266,0.1,1.75,0.09375,0.0875,10.6842105263158,NA,NA,NA,0.02,-37.5,-165.8,-59,0,1.2,1,0,47.05,-11.25,-4.33333333333333,0.776315789473684,-0.0166666666666667,9.52631578947368,14,0,-0.147058823529412,1.82352941176471
"239","SMCR8_272","SMCR8_272_39624_BMI_RWB_1","6/25/08",1,0.710536529,0.04,0.678607269,0.05,0.74246579,0.08,-3.04347826086957,-0.00434782608695652,-0.0304347826086956,2.30434782608696,NA,NA,NA,0,0,0,0,0,-0.0833333333333333,0,0,-1.79166666666667,0,1.8695652173913,0.0326086956521739,-0.00260869565217391,0.434782608695652,1.21739130434783,-0.0230434782608696,-0.0304347826086956,-0.782608695652174
"240","SMCR8_274","SMCR8_274_40346_BMI_RWB_1","6/17/10",1,0.954621547,0.39,1.036390861,0.58,0.872852234,0.24,-3,-0.0194444444444444,0.0466666666666667,0.545454545454545,1,9.36,-1,3.69,-7,-12.4166666666667,-8.6,-0.333333333333333,0.0833333333333333,-0.2,-7.16666666666667,6.25,1.1,0.5,0.85304347826087,0,4.47826086956522,-2.125,-0.03875,-0.281875,-0.789473684210526
"241","SMCR8_293","SMCR8_293_40316_BMI_RWB_1","5/18/10",1,0.67247006,0.02,0.892596367,0.29,0.452343753,0,67.3076923076923,3.60076923076923,10.8746153846154,-58.4285714285714,NA,NA,NA,435.33,0,-234.4,-10.2,0,3.6,-0.4,0,73.85,-5.1,-41.625,1285.00727272727,-0.00125,68.9545454545455,20.625,-2.6325,-170.825,-5.66666666666667
"242","SMCR8_294","SMCR8_294_40318_BMI_RWB_1","5/20/10",1,0.618136429,0.01,0.67280859,0.04,0.563464269,0.01,NA,NA,NA,85,NA,NA,NA,1323.82,0,-255,-259,0,6,6,0,44,44,NA,NA,NA,NA,NA,NA,NA,-5
"243","SMCR8_297","SMCR8_297_40323_BMI_RWB_1","5/25/10",1,1.004502271,0.51,1.018833117,0.54,0.990171425,0.48,1.21739130434783,0.000434782608695652,0,-1.04347826086957,NA,NA,NA,0,-29.3333333333333,2.5,-28.1666666666667,0,0,0.5,5.83333333333333,0,12.0833333333333,-2.08695652173913,0.0117391304347826,-0.00217391304347826,1.04347826086957,0.869565217391304,0,0,0.173913043478261
"244","SMCR8_304","SMCR8_304_40345_BMI_RWB_1","6/16/10",1,0.932383026,0.34,1.083029189,0.67,0.781736864,0.11,-15.8260869565217,0.00217391304347826,0.153913043478261,5.17391304347826,-4.5,0.44,-12,-0.29,0,0.454545454545455,-0.25,0,0.363636363636364,0,0,-1.90909090909091,0,3.52173913043478,1.77565217391304,-0.239565217391304,1.65217391304348,12.2173913043478,0.0786956521739131,0.262608695652174,-10.5652173913043
"245","SMCR8_322","SMCR8_322_40343_BMI_RWB_1","6/14/10",2,0.166063034,0,0.14852693,0,0.183599139,0,9.75,0.0025,0.005,-6.75,NA,NA,NA,-0.01,0,0.916666666666667,-0.2,0,0.666666666666667,0,0,-2.33333333333333,0,0.666666666666667,0.620833333333333,0,-0.333333333333333,-0.5,-0.00166666666666667,-0.673333333333333,-0.166666666666667
"246","SMCR8_346","SMCR8_346_39235_BMI_RWB_1","6/2/07",1,0.774393463,0.08,0.625512227,0.02,0.923274698,0.33,-10,0,-0.0175,3.4,NA,NA,NA,0,0,0,-1,0,0,0,-0.333333333333333,0,0,-0.166666666666667,2.546,0,-0.1,0.6,2.118,-1.774,-0.8
"247","SMCR8_351","SMCR8_351_39618_BMI_RWB_1","6/19/08",1,0.482161857,0,0.336366422,0,0.627957292,0.02,NA,NA,NA,83,NA,NA,NA,1726.31,0,-254,-1,0,6,0,0,44,0,NA,NA,NA,NA,NA,NA,NA,-3
"248","SMCR8_361","SMCR8_361_39243_BMI_RWB_1","6/10/07",1,0.398176109,0,0.112041974,0,0.684310245,0.04,NA,NA,NA,94,NA,NA,NA,1146.94,-2,-258,-261,-1,5,5,6,43,43,NA,NA,NA,NA,NA,NA,NA,-16
"249","SMCR8_362","SMCR8_362_41465_BMI_RWB_1","7/10/13",3,1.149568129,0.82,1.240871567,0.9,1.05826469,0.63,3.25,0,0.0075,-1.6,NA,NA,NA,0,-0.333333333333333,0,-1,0,0,0,0,0,-7.2,-0.5,-0.255,0,0,0.2,1.964,-0.636,-0.2
"250","SMCR8_370","SMCR8_370_39250_BMI_RWB_2","6/17/07",2,0.671853721,0.02,0.445746318,0,0.897961125,0.28,2.9,-0.0085,0.035,-3,NA,NA,NA,0.75,0.666666666666667,-2.91666666666667,0.2,0,0.0833333333333333,0.2,-0.5,0.458333333333333,-2.8,0.3125,0.21695652173913,0,-0.347826086956522,0,-0.348125,-0.174375,-0.380952380952381
"251","SMCR8_375","SMCR8_375_39191_BMI_RWB_1","4/19/07",1,0.963282088,0.41,0.696028377,0.06,1.230535799,0.9,-0.444444444444444,-0.00833333333333333,0.0122222222222222,0.894736842105263,NA,NA,NA,0,0,0,0,0,0,0,0,0,0,0.157894736842105,0.00157894736842105,-0.0126315789473684,0.736842105263158,0.263157894736842,0,0,0.473684210526316
"252","SMCR8_400","SMCR8_400_40358_BMI_RWB_1","6/29/10",1,0.84341243,0.16,1.121198534,0.74,0.565626326,0.01,115.307692307692,-1.61615384615385,-0.235384615384615,-83.9411764705882,NA,NA,NA,681.01,-69,-329.714285714286,-189.333333333333,2,2.57142857142857,2,2.75,117.571428571429,-8.83333333333333,-59.5,389.183529411765,0,112.117647058824,28.5,29.47,-63.9225,30.5
"253","SMCR8_405","SMCR8_405_40324_BMI_RWB_1","5/26/10",1,0.821273294,0.13,0.880149457,0.26,0.762397131,0.09,0.0833333333333333,0,0.0025,-0.375,-13,0.085,0,0.01,0,-0.1,0,0,0.1,0,0,3.95,0,0,0.00117647058823529,0,-0.352941176470588,-0.25,0,0.011875,-0.125
"254","SMCR8_419","SMCR8_419_41442_BMI_RWB_1","6/17/13",2,0.556228658,0,0.776131115,0.12,0.336326202,0,-0.5,0,0,0,NA,NA,NA,0,0,0.3,0,0,0,0.25,0,-0.2,-4.125,0.285714285714286,0.33,0,-0.222222222222222,0.285714285714286,0,-0.407142857142857,-0.571428571428571
"255","SMCR8_441","SMCR8_441_40323_BMI_RWB_1","5/25/10",1,0.565204367,0,0.666797341,0.04,0.463611392,0,-11.8695652173913,0.0434782608695652,0.462173913043478,9.30434782608696,-1,5.99,-3,10.37,0,-34.6,0,0,0.6,0,-21.5,3,-0.333333333333333,-48.4782608695652,1.08086956521739,-0.0352173913043478,57.7826086956522,60.3913043478261,0.961304347826087,0.463478260869565,-2.60869565217391
"256","SMCR8_446","SMCR8_446_39242_BMI_RWB_2","6/9/07",2,0.777348385,0.08,0.764769095,0.11,0.789927675,0.12,-1.38461538461538,-0.00153846153846154,0,-0.611111111111111,NA,NA,NA,1,-4.33333333333333,-9.27272727272727,-2.5,0,-0.0909090909090909,0.5,6.33333333333333,0.318181818181818,-0.5,0.111111111111111,0.0863157894736842,0,-0.684210526315789,0.882352941176471,-0.00470588235294118,0.0788235294117647,-1.64705882352941
"257","SMCR8_448","SMCR8_448_41449_BMI_RWB_2","6/24/13",3,1.199241662,0.89,1.31111307,0.95,1.087370255,0.69,-1.14285714285714,-0.00214285714285714,-0.00285714285714286,-0.444444444444444,NA,NA,NA,0.81,0,-0.916666666666667,0,0,-0.0833333333333333,0,0,0.375,0,-1.35294117647059,0.104444444444444,0,-0.333333333333333,0.1875,-0.025625,-0.01375,-0.529411764705882
"258","SMCR8_450","SMCR8_450_40358_BMI_RWB_1","6/29/10",1,0.505474327,0,0.560708927,0.01,0.450239728,0,63.2352941176471,0.0670588235294118,1.24764705882353,-46,NA,NA,NA,1496.8,0,-29.4,-3.33333333333333,0,0.9,0.333333333333333,0,-19.1,-2.83333333333333,-55.4210526315789,522.407894736842,0.0663157894736842,9.42105263157895,-6.35294117647059,0.411764705882353,41.7847058823529,13.4705882352941
"259","SMCR8_453","SMCR8_453_40736_BMI_RWB_1","7/12/11",2,0.690368024,0.03,0.678969714,0.05,0.701766333,0.05,5,0.004,0.018,-0.5,NA,NA,NA,4.4,0,-56.3333333333333,0,0,0.5,0,0,43.3333333333333,0,-3,1.17,0,3.86666666666667,5.71428571428571,-0.0228571428571429,0.0428571428571429,2.11111111111111
"260","SMCR8_474","SMCR8_474_39999_BMI_RWB_1","7/5/09",1,0.834039474,0.15,0.778943228,0.12,0.88913572,0.27,2.31578947368421,0,-0.00315789473684211,-2,NA,NA,NA,0,0,0,0,0,0,0,0,0,0,-2.78947368421053,0,-0.00368421052631579,0.789473684210526,0.315789473684211,0,0.0368421052631579,0.473684210526316
"261","SMCR8_480","SMCR8_480_39637_BMI_RWB_1","7/8/08",1,NA,NA,0.129140014,0,NA,NA,9.25,0.45,9.635,1.14285714285714,NA,NA,NA,664.23,-49.5,-356,-42.4,2,3.75,1,-3.25,137.0625,13.7,-55.8571428571429,174.721428571429,0,57,78.5714285714286,6.32571428571429,14.7342857142857,-21.5714285714286
"262","SMCR8_496","SMCR8_496_39630_BMI_RWB_2","7/1/08",2,0.850270504,0.18,1.150513653,0.79,0.550027354,0.01,-1,-0.000555555555555556,-0.0222222222222222,0.157894736842105,NA,NA,NA,0,0,0,-18,0,0,0.5,0,0,5.75,-1.05263157894737,0.0226315789473684,-0.00157894736842105,1.21052631578947,2,-0.0294736842105263,0,-0.789473684210526
"263","SMCR8_513","SMCR8_513_39986_BMI_RWB_1","6/22/09",1,0.946033419,0.37,1.101621011,0.7,0.790445827,0.12,NA,NA,NA,-4.33333333333333,NA,NA,NA,0,-29.5,-40.7142857142857,-139.75,0.5,0.857142857142857,0.75,-1,37.2857142857143,37.75,-6.5,0.186666666666667,0,0,8.5,0.225,-0.865,-8.5
"264","SMCR8_528","SMCR8_528_40735_BMI_RWB_MCM_1","7/11/11",3,0.665711643,0.02,0.739513354,0.09,0.591909932,0.01,-4,0.14,247.07,66.3333333333333,NA,NA,NA,4780.7,-0.5,-324.833333333333,-1,0,3,-0.333333333333333,0.5,108.333333333333,0.166666666666667,67,1337.13333333333,0.0666666666666667,-0.666666666666667,16.8333333333333,4.61333333333333,-58.415,-17.5
"265","SMCR8_530","SMCR8_530_39231_BMI_RWB_1","5/29/07",1,0.735136358,0.05,0.538223594,0.01,0.932049122,0.35,1.80952380952381,0.1,0.0952380952380952,11.5,NA,NA,NA,0,-71,0.565217391304348,-194,-0.333333333333333,0,0.8,43.5,0,79.1,-5.33333333333333,0.0252173913043478,-0.0257142857142857,16.0454545454545,15,0.0019047619047619,0,1.81818181818182
"266","SMCR8_543","SMCR8_543_39221_BMI_RWB_1","5/19/07",1,0.679835409,0.02,0.479781403,0,0.879889415,0.25,2.72222222222222,-0.000555555555555556,0.0611111111111111,-2.47368421052632,NA,NA,NA,0,0,0,0,0,0,0,0,0,0,-3.15789473684211,0.00368421052631579,-0.0205263157894737,0.684210526315789,0.473684210526316,0,0,0.210526315789474
"267","SMCR8_567","SMCR8_567_40344_BMI_RWB_1","6/15/10",1,0.62309187,0.01,0.786942768,0.13,0.459240972,0,7.04347826086957,0.0373913043478261,-0.0308695652173913,3,NA,NA,NA,50.06,0,-28.3333333333333,-0.2,0,1.25,0,0,-6.70833333333333,0.1,-10.1304347826087,5.98478260869565,0.0328571428571429,13.1304347826087,4.47826086956522,0.29695652173913,0.597391304347826,8.65217391304348
"268","SMCR8_587","SMCR8_587_39220_BMI_RWB_1","5/18/07",1,0.71099052,0.04,0.591612609,0.02,0.830368431,0.17,0.166666666666667,0.0758333333333333,0.163333333333333,0.666666666666667,NA,NA,NA,3.99,0,0,0,0,0,0,0,-0.0833333333333333,0,0.142857142857143,4.16904761904762,0,2.14285714285714,0,0.0576923076923077,0.737692307692308,-0.0769230769230769
"269","SMCR8_598","SMCR8_598_40344_BMI_RWB_1","6/15/10",1,0.285204687,0,0.244430928,0,0.325978447,0,-41.3333333333333,-0.0533333333333333,-0.0883333333333333,45.1111111111111,-19,2.42,-38,-0.01,0,-0.166666666666667,0,0,0,0,0,0,0,26.4444444444444,-0.932222222222222,-0.0122222222222222,18.6666666666667,19.5,-0.02625,-0.17375,-6.375
"270","SMCR8_605","SMCR8_605_39995_BMI_RWB_1","7/1/09",1,0.529478332,0,0.564827745,0.01,0.494128919,0,-1.5,0,-0.005,-0.222222222222222,NA,NA,NA,-0.01,-1,0.625,0.25,0.5,0,0,8.75,-0.625,-0.5,0,0.18,0,-0.111111111111111,-0.4,0,-0.174,0.2
"271","SMCR8_635","SMCR8_635_39222_BMI_RWB_1","5/20/07",1,0.459395473,0,0.153000175,0,0.76579077,0.1,0.782608695652174,-0.00434782608695652,-0.00304347826086957,-0.304347826086957,NA,NA,NA,0,0,0.0833333333333333,0,0,0,0,0,0,0,-1.21739130434783,0.00304347826086957,-0.00695652173913044,0.91304347826087,0.434782608695652,0.0104347826086957,0,0.478260869565217
"272","SMCR8_688","SMCR8_688_39995_BMI_RWB_2","7/1/09",2,0.666729059,0.02,0.695482082,0.05,0.637976036,0.02,0,0,0,0,NA,NA,NA,0,0,0,0,0,0,0,0,0,0,0,-0.00111111111111111,0,0,0,0,0.03,0
"273","SMCR8_713","SMCR8_713_38891_BMI_RWB_1","6/23/06",1,0.879689762,0.23,0.655355924,0.04,1.1040236,0.72,2.31578947368421,0,0.00736842105263158,-2.15789473684211,NA,NA,NA,0,0,0,0,0,0,0,0,0,0,-2.89473684210526,0,-0.00421052631578947,0.736842105263158,0.421052631578947,0,0.0368421052631579,0.315789473684211
